类型,论文编号,作者,单位,地区,邮编原值,补齐值,候选数,出现次数,备注
已指定-zip_map,A0073,张琪,南京师范大学 计算机与电子信息/人工智能学院,南京市,,210023,1,,人工对照表指定（原值「空」）
已指定-zip_map,A0073,郭各朴,南京师范大学 计算机与电子信息/人工智能学院,南京市,,210023,1,,人工对照表指定（原值「空」）
已指定-zip_map,A0073,屠娟,南京大学 物理学院,南京市,,210023,1,,人工对照表指定（原值「空」）
已指定-zip_map,A0073,马青玉,南京师范大学 计算机与电子信息/人工智能学院,南京市,,210023,1,,人工对照表指定（原值「空」）
已指定-zip_map,A0108,郝国栋,国防科技大学 气象海洋学院,长沙市,410000,410073,1,,人工对照表指定（原值「410000」）
已指定-zip_map,A0108,郭肖晋,国防科技大学 气象海洋学院,长沙市,410000,410073,1,,人工对照表指定（原值「410000」）
已指定-zip_map,A0108,王加慧,国防科技大学 气象海洋学院,长沙市,410000,410073,1,,人工对照表指定（原值「410000」）
已指定-zip_map,A0108,马树青,国防科技大学 气象海洋学院,长沙市,410000,410073,1,,人工对照表指定（原值「410000」）
已指定-zip_map,A0172,王蓉,南京大学 物理学院,南京市,210093,210023,1,,人工对照表指定（原值「210093」）
已指定-zip_map,A0172,刘京京,南京大学 物理学院,南京市,210093,210023,1,,人工对照表指定（原值「210093」）
已指定-zip_map,A0172,梁彬,南京大学 物理学院,南京市,210093,210023,1,,人工对照表指定（原值「210093」）
已指定-zip_map,A0172,程建春,南京大学 物理学院,南京市,210093,210023,1,,人工对照表指定（原值「210093」）
已补齐-A级,A0173,莫迪,西安交通大学 物理学院,西安市,,710049,1,1,唯一映射
已指定-zip_map,A0176,宋怡璠,南京大学 物理学院,南京市,210093,210023,1,,人工对照表指定（原值「210093」）
已指定-zip_map,A0176,谭杨,南京大学 物理学院,南京市,210093,210023,1,,人工对照表指定（原值「210093」）
已指定-zip_map,A0176,刘京京,南京大学 物理学院,南京市,210093,210023,1,,人工对照表指定（原值「210093」）
已指定-zip_map,A0176,梁彬,南京大学 物理学院,南京市,210093,210023,1,,人工对照表指定（原值「210093」）
已指定-zip_map,A0176,程建春,南京大学 物理学院,南京市,210093,210023,1,,人工对照表指定（原值「210093」）
已补齐-A级,A0192,张金虎,上海交通大学 船舶海洋与建筑工程学院,上海市,,200240,1,11,唯一映射（原地区：闵行区）
已补齐-A级,A0192,张宇,上海交通大学 船舶海洋与建筑工程学院,上海市,,200240,1,11,唯一映射（原地区：闵行区）
已指定-zip_map,A0223,肖钰,同济大学 声学研究所,上海市,,200092,1,,人工对照表指定（原值「空」）
已指定-zip_map,A0228,曾云渝,南京大学 物理学院,南京市,210093,210023,1,,人工对照表指定（原值「210093」）
已指定-zip_map,A0228,夏一飞,南京大学 物理学院,南京市,210093,210023,1,,人工对照表指定（原值「210093」）
已指定-zip_map,A0228,陈安,南京大学 物理学院,南京市,210093,210023,1,,人工对照表指定（原值「210093」）
已指定-zip_map,A0228,杨京,南京大学 物理学院,南京市,210093,210023,1,,人工对照表指定（原值「210093」）
已指定-zip_map,A0228,梁彬,南京大学 物理学院,南京市,210093,210023,1,,人工对照表指定（原值「210093」）
已指定-zip_map,A0228,程建春,南京大学 物理学院,南京市,210093,210023,1,,人工对照表指定（原值「210093」）
已补齐-A级,A0361,胡洁,南京林业大学 信息科学技术学院、人工智能学院,南京市,,210037,1,4,唯一映射
已补齐-A级,A0361,张珈铭,南京林业大学 信息科学技术学院、人工智能学院,南京市,,210037,1,4,唯一映射
已补齐-A级,A0361,李澔翔,南京林业大学 信息科学技术学院、人工智能学院,南京市,,210037,1,4,唯一映射
已指定-zip_map,A0394,江竣豪,重庆师范大学 物理与光电工程学院,重庆市,,401331,1,,人工对照表指定（原值「空」）
已指定-zip_map,A0394,何佳杰,重庆师范大学 物理与光电工程学院,重庆市,,401331,1,,人工对照表指定（原值「空」）
已指定-zip_map,A0394,陈霑,重庆师范大学 物理与光电工程学院,重庆市,,401331,1,,人工对照表指定（原值「空」）
已指定-zip_map,A0463,高媛毓,华北电力大学 能源动力与机械学院,北京市,,102206,1,,人工对照表指定（原值「空」）
已指定-zip_map,A0463,李颢,华北电力大学 能源动力与机械学院,北京市,,102206,1,,人工对照表指定（原值「空」）
已指定-zip_map,A0463,周玉,华北电力大学 能源动力与机械学院,北京市,,102206,1,,人工对照表指定（原值「空」）
已指定-zip_map,A0463,孙建浩,华北电力大学 能源动力与机械学院,北京市,,102206,1,,人工对照表指定（原值「空」）
已补齐-A级,A0463,姜根山,华北电力大学 数理学院,北京市,,102206,1,1,唯一映射（原地区：昌平区）
已指定-zip_map,A0464,李颢,华北电力大学（北京） 能动学院,北京市,,102206,1,,人工对照表指定（原值「空」）
已指定-zip_map,A0464,高媛毓,华北电力大学（北京） 能动学院,北京市,,102206,1,,人工对照表指定（原值「空」）
已指定-zip_map,A0464,孙建浩,华北电力大学（北京） 能动学院,北京市,,102206,1,,人工对照表指定（原值「空」）
已指定-zip_map,A0464,周玉,华北电力大学（北京） 能动学院,北京市,,102206,1,,人工对照表指定（原值「空」）
已补齐-A级,A0464,姜根山,华北电力大学 数理学院,北京市,,102206,1,1,唯一映射（原地区：昌平区）
已指定-zip_map,A0465,周玉,华北电力大学（北京） 能源动力与机械工程学院,北京市,,102206,1,,人工对照表指定（原值「空」）
已指定-zip_map,A0465,孙建浩,华北电力大学（北京） 能源动力与机械工程学院,北京市,,102206,1,,人工对照表指定（原值「空」）
已指定-zip_map,A0465,李颢,华北电力大学（北京） 能源动力与机械工程学院,北京市,,102206,1,,人工对照表指定（原值「空」）
已指定-zip_map,A0465,高媛毓,华北电力大学（北京） 能源动力与机械工程学院,北京市,,102206,1,,人工对照表指定（原值「空」）
已指定-zip_map,A0465,姜根山,华北电力大学（北京） 数理学院,北京市,,102206,1,,人工对照表指定（原值「空」）
已指定-zip_map,B0024,屠厚旺,国防科技大学 气象海洋学院,长沙市,,410073,1,,人工对照表指定（原值「空」）
已指定-zip_map,B0024,王勇献,国防科技大学 气象海洋学院,长沙市,,410073,1,,人工对照表指定（原值「空」）
已指定-zip_map,B0024,汪洋,国防科技大学 气象海洋学院,长沙市,,410073,1,,人工对照表指定（原值「空」）
已指定-zip_map,B0024,张运祥,国防科技大学 气象海洋学院,长沙市,,410073,1,,人工对照表指定（原值「空」）
已指定-zip_map,B0024,邓子豪,国防科技大学 气象海洋学院,长沙市,,410073,1,,人工对照表指定（原值「空」）
已指定-zip_map,B0069,张帅帅,中国船舶集团有限公司第七一五研究所 重点实验室,杭州市,310000,310023,1,,人工对照表指定（原值「310000」）
已指定-zip_map,B0069,赵文珺,中国船舶集团有限公司第七一五研究所 重点实验室,杭州市,310000,310023,1,,人工对照表指定（原值「310000」）
已指定-zip_map,B0069,尉宣捷,中国船舶集团有限公司第七一五研究所 重点实验室,杭州市,310000,310023,1,,人工对照表指定（原值「310000」）
已指定-zip_map,B0069,胡哲健,中国船舶集团有限公司第七一五研究所 重点实验室,杭州市,310000,310023,1,,人工对照表指定（原值「310000」）
已指定-zip_map,B0069,郑广赢,中国船舶集团有限公司第七一五研究所 重点实验室,杭州市,310000,310023,1,,人工对照表指定（原值「310000」）
已指定-zip_map,B0109,钱鹏,中山大学 海洋工程与技术学院,珠海市,519000,519082,1,,人工对照表指定（原值「519000」）
已指定-zip_map,B0109,梁羿,中山大学 海洋工程与技术学院,珠海市,519000,519082,1,,人工对照表指定（原值「519000」）
已指定-zip_map,B0109,谢世伟,中山大学 海洋工程与技术学院,珠海市,519000,519082,1,,人工对照表指定（原值「519000」）
已指定-zip_map,B0109,李整林,中山大学 海洋工程与技术学院,珠海市,519000,519082,1,,人工对照表指定（原值「519000」）
已指定-zip_map,B0109,肖鹏,中山大学 海洋工程与技术学院,珠海市,519000,519082,1,,人工对照表指定（原值「519000」）
已指定-zip_map,B0109,路一阳,中山大学 海洋工程与技术学院,珠海市,519000,519082,1,,人工对照表指定（原值「519000」）
已指定-zip_map,B0111,黄军,西北工业大学 航海学院,西安市,710000,710072,1,,人工对照表指定（原值「710000」）
已指定-zip_map,B0111,李辉,西北工业大学 航海学院,西安市,710000,710072,1,,人工对照表指定（原值「710000」）
已指定-zip_map,B0111,于亮,西北工业大学 航海学院,西安市,710000,710072,1,,人工对照表指定（原值「710000」）
已指定-zip_map,B0111,史家辉,西北工业大学 航海学院,西安市,710000,710072,1,,人工对照表指定（原值「710000」）
长度不一致,B0125,龚志雄,海洋智能装备与系统教育部实验室 海洋智能装备与系统教育部实验室 | 上海交通大学 船舶海洋与建筑工程学院,上海市 | 上海市,200240,,,,单位2/地区2/邮编1（按位置配对，多余忽略、缺失留空）
已指定-zip_map,B0125,黄占东,西安交通大学 化学工程与技术学院,西安市,,710049,1,,人工对照表指定（原值「空」）
已补齐-A级,B0125,龚志雄,上海交通大学 船舶海洋与建筑工程学院,上海市,,200240,1,11,唯一映射（原地区：闵行区）
已补齐-A级,B0128,孙勇,中国科学院声学研究所 声学与海洋信息全国重点实验室,北京市,,100190,1,25,唯一映射（原地区：海淀区）
已补齐-A级,B0128,秦继兴,中国科学院声学研究所 声学与海洋信息全国重点实验室,北京市,,100190,1,25,唯一映射（原地区：海淀区）
已指定-zip_map,B0129,路一阳,中山大学 海洋工程与技术学院,珠海市,,519082,1,,人工对照表指定（原值「空」）
已指定-zip_map,B0129,钱鹏,中山大学 海洋工程与技术学院,珠海市,,519082,1,,人工对照表指定（原值「空」）
已指定-zip_map,B0129,李整林,中山大学 海洋工程与技术学院,珠海市,,519082,1,,人工对照表指定（原值「空」）
已补齐-A级,B0131,顾怡鸣,中国科学院声学研究所 声学与海洋信息全国重点实验室,北京市,,100190,1,25,唯一映射（原地区：海淀区）
已补齐-A级,B0131,宫在晓,中国科学院声学研究所 声学与海洋信息全国重点实验室,北京市,,100190,1,25,唯一映射（原地区：海淀区）
已补齐-A级,B0131,汪俊,中国科学院声学研究所 声学与海洋信息全国重点实验室,北京市,,100190,1,25,唯一映射（原地区：海淀区）
已补齐-A级,B0131,秦继兴,中国科学院声学研究所 声学与海洋信息全国重点实验室,北京市,,100190,1,25,唯一映射（原地区：海淀区）
已补齐-A级,B0131,李超,中国科学院声学研究所 声学与海洋信息全国重点实验室,北京市,,100190,1,25,唯一映射（原地区：海淀区）
已指定-zip_map,B0169,李康乐,东南大学 东南大学机械工程学院,南京市,,211189,1,,人工对照表指定（原值「空」）
已指定-zip_map,B0169,范海燕,东南大学 东南大学机械工程学院,南京市,,211189,1,,人工对照表指定（原值「空」）
已指定-zip_map,B0169,朱一凡,东南大学 东南大学机械工程学院,南京市,,211189,1,,人工对照表指定（原值「空」）
已指定-zip_map,B0169,张辉,东南大学 东南大学机械工程学院,南京市,,211189,1,,人工对照表指定（原值「空」）
已补齐-A级,B0199,杨霄宏,715 重点实验室,杭州市,,310023,1,1,唯一映射
已补齐-A级,B0199,尉宣捷,715 重点实验室,杭州市,,310023,1,1,唯一映射
已补齐-A级,B0199,郑广赢,715 重点实验室,杭州市,,310023,1,1,唯一映射
已指定-zip_map,B0209,陈颖璇,中山大学 海洋工程与技术学院,珠海市,,519082,1,,人工对照表指定（原值「空」）
已指定-zip_map,B0209,李整林,汉江实验室 汉江实验室珠海研究中心,珠海市,,519000,1,,人工对照表指定（原值「空」）
已指定-zip_map,B0209,李整林,中山大学 南方海洋科学与工程广东省实验室（珠海）,珠海市,,519082,1,,人工对照表指定（原值「空」）
已指定-zip_map,B0209,李整林,中山大学 海洋工程与技术学院,珠海市,,519082,1,,人工对照表指定（原值「空」）
已补齐-A级,B0209,李整林,中山大学 广东省深海水声信息技术重点实验室,珠海市,,519082,1,4,唯一映射
已指定-zip_map,B0231,徐传秀,杭州应用声学研究所 水声数据与仿真中心,杭州市,,310023,1,,人工对照表指定（原值「空」）
已指定-zip_map,B0231,张虎,杭州应用声学研究所 水声数据与仿真中心,杭州市,,310023,1,,人工对照表指定（原值「空」）
已指定-zip_map,B0231,徐硕硕,杭州应用声学研究所 水声数据与仿真中心,杭州市,,310023,1,,人工对照表指定（原值「空」）
已指定-zip_map,B0231,谷雨,杭州应用声学研究所 水声数据与仿真中心,杭州市,,310023,1,,人工对照表指定（原值「空」）
已指定-zip_map,B0275,张文轩,杭州应用声学研究所 声纳技术重点实验室,杭州市,,310023,1,,人工对照表指定（原值「空」）
已指定-zip_map,B0366,刘代,中国科学院声学研究所 固定式系统中心,北京市,,100190,1,,人工对照表指定（原值「空」）
已补齐-A级,B0366,王璟琰,中国科学院声学研究所 声学与海洋信息全国重点实验室,北京市,,100190,1,25,唯一映射（原地区：海淀区）
已指定-zip_map,B0379,丁新宇,中国船舶集团有限公司第七一五研究所 水声数据与仿真中心,杭州市,,310023,1,,人工对照表指定（原值「空」）
已指定-zip_map,B0379,段睿,西北工业大学 航海学院,西安市,,710072,1,,人工对照表指定（原值「空」）
已指定-zip_map,B0379,张虎,中国船舶集团有限公司第七一五研究所 水声数据与仿真中心,杭州市,,310023,1,,人工对照表指定（原值「空」）
已指定-zip_map,B0389,高宇翔,中山大学 海洋工程与技术学院,珠海市,519000,519082,1,,人工对照表指定（原值「519000」）
已指定-zip_map,B0389,肖鹏,中山大学 海洋工程与技术学院,珠海市,519000,519082,1,,人工对照表指定（原值「519000」）
已指定-zip_map,B0389,李整林,中山大学 海洋工程与技术学院,珠海市,519000,519082,1,,人工对照表指定（原值「519000」）
已指定-zip_map,B0448,徐硕硕,杭州应用声学研究所 水声数据与仿真中心,杭州市,310026,310023,1,,人工对照表指定（原值「310026」）
已指定-zip_map,B0448,徐传秀,杭州应用声学研究所 水声数据与仿真中心,杭州市,310026,310023,1,,人工对照表指定（原值「310026」）
已指定-zip_map,B0448,张虎,杭州应用声学研究所 水声数据与仿真中心,杭州市,310026,310023,1,,人工对照表指定（原值「310026」）
已指定-zip_map,C0048,张淑娴,西北工业大学 航海学院,西安市,710129,710072,1,,人工对照表指定（原值「710129」）
已指定-zip_map,C0048,侯翔昊,西北工业大学 航海学院,西安市,710129,710072,1,,人工对照表指定（原值「710129」）
已补齐-A级,C0052,康鲁迪,青岛理工大学 机械与汽车工程学院,青岛市,,266520,1,6,唯一映射
已补齐-A级,C0052,刘鹏,青岛理工大学 机械与汽车工程学院,青岛市,,266520,1,6,唯一映射
已补齐-A级,C0052,刘碧龙,青岛理工大学 机械与汽车工程学院,青岛市,,266520,1,6,唯一映射
已指定-zip_map,C0055,邵睿涵,哈尔滨工程大学 水声工程学院,哈尔滨市,,150001,1,,人工对照表指定（原值「空」）
已指定-zip_map,C0055,温佳豪,哈尔滨工程大学 水声工程学院,哈尔滨市,,150001,1,,人工对照表指定（原值「空」）
已指定-zip_map,C0055,刘嘉文,哈尔滨工程大学 水声工程学院,哈尔滨市,,150001,1,,人工对照表指定（原值「空」）
已指定-zip_map,C0055,鹿一龙,哈尔滨工程大学 水声工程学院,哈尔滨市,,150001,1,,人工对照表指定（原值「空」）
已指定-zip_map,C0055,李智,哈尔滨工程大学 水声工程学院,哈尔滨市,,150001,1,,人工对照表指定（原值「空」）
已指定-zip_map,C0061,卢地华,中国船舶集团有限公司第726研究所 水声对抗技术重点实验室,上海市,,200031,1,,人工对照表指定（原值「空」）
已补齐-A级,C0061,卢地华,上海交通大学 船舶海洋与建筑工程学院,上海市,,200240,1,11,唯一映射（原地区：闵行区）
已指定-zip_map,C0079,赵猛,海军工程大学 无,武汉市,,430033,1,,人工对照表指定（原值「空」）
已指定-zip_map,C0079,钟何平,海军工程大学 无,武汉市,,430033,1,,人工对照表指定（原值「空」）
已指定-zip_map,C0079,唐劲松,海军工程大学 无,武汉市,,430033,1,,人工对照表指定（原值「空」）
已指定-zip_map,C0079,吴浩然,海军工程大学 无,武汉市,,430033,1,,人工对照表指定（原值「空」）
已指定-zip_map,C0084,宁玺翔,哈尔滨工程大学 水声工程学院,哈尔滨市,,150001,1,,人工对照表指定（原值「空」）
已指定-zip_map,C0084,李楠松,哈尔滨工程大学 水声工程学院,哈尔滨市,,150001,1,,人工对照表指定（原值「空」）
已指定-zip_map,C0097,赵泽恺,西北工业大学 航海学院,西安市,,710072,1,,人工对照表指定（原值「空」）
已指定-zip_map,C0097,刘雄厚,陕西省水下信息技术重点实验室 实验室,西安市,,710072,1,,人工对照表指定（原值「空」）
已指定-zip_map,C0097,刘雄厚,西北工业大学 航海学院,西安市,,710072,1,,人工对照表指定（原值「空」）
已指定-zip_map,C0097,刘雄厚,汉江国家实验室 实验室,武汉市,,430075,1,,人工对照表指定（原值「空」）
已补齐-A级,C0097,杨益新,南京理工大学 电子工程与光电技术学院,南京市,,210094,1,7,唯一映射
已补齐-A级,C0098,刘鹏超,中国科学院声学研究所 水下环境信息感知实验室,北京市,,100190,1,5,唯一映射（原地区：海淀区）
已补齐-A级,C0098,郭新毅,中国科学院声学研究所 水下环境信息感知实验室,北京市,,100190,1,5,唯一映射（原地区：海淀区）
已指定-zip_map,C0106,刘晓燕,声学与海洋信息国家重点实验室 中国科学院声学研究所,北京市,,100190,1,,人工对照表指定（原值「空」）
已指定-zip_map,C0106,牛海强,声学与海洋信息国家重点实验室 中国科学院声学研究所,北京市,,100190,1,,人工对照表指定（原值「空」）
已指定-zip_map,C0106,袁泽,声学与海洋信息国家重点实验室 中国科学院声学研究所,北京市,,100190,1,,人工对照表指定（原值「空」）
已指定-zip_map,C0106,王海斌,声学与海洋信息国家重点实验室 中国科学院声学研究所,北京市,,100190,1,,人工对照表指定（原值「空」）
已指定-zip_map,C0119,何兆阳,西北工业大学 航海学院,西安市,,710072,1,,人工对照表指定（原值「空」）
已指定-zip_map,C0119,雷波,西北工业大学 航海学院,西安市,,710072,1,,人工对照表指定（原值「空」）
已指定-zip_map,C0122,黄正超,中山大学 海洋工程与技术学院,珠海市,519080,519082,1,,人工对照表指定（原值「519080」）
已指定-zip_map,C0122,李整林,中山大学 海洋工程与技术学院,珠海市,519080,519082,1,,人工对照表指定（原值「519080」）
已指定-zip_map,C0122,肖鹏,中山大学 海洋工程与技术学院,珠海市,519080,519082,1,,人工对照表指定（原值「519080」）
已指定-zip_map,C0133,徐彬,杭州应用声学研究所 数据与仿真中心,杭州市,,310023,1,,人工对照表指定（原值「空」）
已指定-zip_map,C0133,邹丽娜,杭州应用声学研究所 数据与仿真中心,杭州市,,310023,1,,人工对照表指定（原值「空」）
已指定-zip_map,C0133,张虎,杭州应用声学研究所 数据与仿真中心,杭州市,,310023,1,,人工对照表指定（原值「空」）
已指定-zip_map,C0136,姚奇声,中山大学 海洋工程与技术学院,珠海市,519000,519082,1,,人工对照表指定（原值「519000」）
已指定-zip_map,C0136,刘一宁,中山大学 海洋工程与技术学院,珠海市,519000,519082,1,,人工对照表指定（原值「519000」）
已指定-zip_map,C0136,查若思,中山大学 海洋工程与技术学院,珠海市,519000,519082,1,,人工对照表指定（原值「519000」）
已指定-zip_map,C0136,肖鹏,中山大学 海洋工程与技术学院,珠海市,519000,519082,1,,人工对照表指定（原值「519000」）
已指定-zip_map,C0136,李整林,中山大学 海洋工程与技术学院,珠海市,519000,519082,1,,人工对照表指定（原值「519000」）
已指定-zip_map,C0142,赵金虎,西北工业大学 航海学院,西安市,,710072,1,,人工对照表指定（原值「空」）
已指定-zip_map,C0142,冯西安,西北工业大学 航海学院,西安市,,710072,1,,人工对照表指定（原值「空」）
已指定-zip_map,C0148,郭小玮,中国船舶集团有限公司第七一五研究所 重点实验室,杭州市,,310023,1,,人工对照表指定（原值「空」）
已指定-zip_map,C0148,郭小玮,汉江国家实验室 无,武汉市,,430075,1,,人工对照表指定（原值「空」）
已指定-zip_map,C0148,郑广赢,中国船舶集团有限公司第七一五研究所 重点实验室,杭州市,,310023,1,,人工对照表指定（原值「空」）
已指定-zip_map,C0148,杜栓平,中国船舶集团有限公司第七一五研究所 重点实验室,杭州市,,310023,1,,人工对照表指定（原值「空」）
已指定-zip_map,C0149,顾健,无锡市海鹰加科海洋技术有限责任公司 中国船舶集团海鹰企业集团有限责任公司,无锡市,,214061,1,,人工对照表指定（原值「空」）
已指定-zip_map,C0159,曾启天,中山大学 海洋工程与技术学院,珠海市,,519082,1,,人工对照表指定（原值「空」）
已指定-zip_map,C0159,李整林,中山大学 海洋工程与技术学院,珠海市,,519082,1,,人工对照表指定（原值「空」）
已补齐-A级,C0160,邓宇汐,东南大学 水声信号处理教育部重点实验室,南京市,,211189,1,4,唯一映射
已补齐-A级,C0160,安良,东南大学 水声信号处理教育部重点实验室,南京市,,211189,1,4,唯一映射
已补齐-A级,C0160,叶扬,东南大学 水声信号处理教育部重点实验室,南京市,,211189,1,4,唯一映射
已指定-zip_map,C0162,张博宇,厦门大学 海洋与地球学院,厦门市,,361102,1,,人工对照表指定（原值「空」）
已指定-zip_map,C0162,李书东,厦门大学 海洋与地球学院,厦门市,,361102,1,,人工对照表指定（原值「空」）
已指定-zip_map,C0162,彭旭名,厦门大学 海洋与地球学院,厦门市,,361102,1,,人工对照表指定（原值「空」）
已指定-zip_map,C0162,宋忠长,厦门大学 海洋与地球学院,厦门市,,361102,1,,人工对照表指定（原值「空」）
已指定-zip_map,C0162,张宇,厦门大学 海洋与地球学院,厦门市,,361102,1,,人工对照表指定（原值「空」）
已指定-zip_map,C0166,黄子豪,厦门大学 海洋与地球学院,厦门市,,361102,1,,人工对照表指定（原值「空」）
已指定-zip_map,C0166,宋忠长,厦门大学 海洋与地球学院,厦门市,,361102,1,,人工对照表指定（原值「空」）
已指定-zip_map,C0166,张宇,厦门大学 海洋与地球学院,厦门市,,361102,1,,人工对照表指定（原值「空」）
已指定-zip_map,C0171,王培兵,西北工业大学 航海学院,西安市,710129,710072,1,,人工对照表指定（原值「710129」）
已指定-zip_map,C0171,曾向阳,西北工业大学 航海学院,西安市,710129,710072,1,,人工对照表指定（原值「710129」）
已指定-zip_map,C0184,桂廉炜,杭州应用声学研究所 声纳技术重点实验室,杭州市,,310023,1,,人工对照表指定（原值「空」）
已指定-zip_map,C0195,孙佳蓓,西北工业大学 航海学院,西安市,710129,710072,1,,人工对照表指定（原值「710129」）
已指定-zip_map,C0195,雷波,西北工业大学 航海学院,西安市,710129,710072,1,,人工对照表指定（原值「710129」）
已指定-zip_map,C0207,王贺,杭州应用声学研究所 声纳技术实验室,杭州市,,310023,1,,人工对照表指定（原值「空」）
已指定-zip_map,C0207,王栋梁,杭州应用声学研究所 声纳技术实验室,杭州市,,310023,1,,人工对照表指定（原值「空」）
已指定-zip_map,C0207,谷新禹,杭州应用声学研究所 声纳技术实验室,杭州市,,310023,1,,人工对照表指定（原值「空」）
已指定-zip_map,C0208,马天宇,中国船舶集团第七一五研究所 四部,杭州市,,310023,1,,人工对照表指定（原值「空」）
长度不一致,C0218,徐灵基,中山大学 海洋工程与技术学院 | 汉江国家实验室 珠海研究中心 | 广东省深海水声信息技术重点实验室 广东省深海水声信息技术重点实验室,珠海市 | 珠海市 | 珠海市,519000,,,,单位3/地区3/邮编1（按位置配对，多余忽略、缺失留空）
已指定-zip_map,C0218,林婧,中山大学 海洋工程与技术学院,珠海市,519000,519082,1,,人工对照表指定（原值「519000」）
已指定-zip_map,C0218,徐灵基,中山大学 海洋工程与技术学院,珠海市,519000,519082,1,,人工对照表指定（原值「519000」）
已指定-zip_map,C0218,徐灵基,汉江国家实验室 珠海研究中心,珠海市,,519000,1,,人工对照表指定（原值「空」）
已指定-zip_map,C0218,陈鑫哲,中山大学 海洋工程与技术学院,珠海市,519000,519082,1,,人工对照表指定（原值「519000」）
已补齐-A级,C0218,徐灵基,广东省深海水声信息技术重点实验室 广东省深海水声信息技术重点实验室,珠海市,,519000,1,5,唯一映射
已指定-zip_map,C0221,王成,中国船舶集团有限公司第七一五研究所 声纳技术重点实验室,杭州市,,310023,1,,人工对照表指定（原值「空」）
已指定-zip_map,C0221,王方勇,汉江国家实验室 探通部,武汉市,,430075,1,,人工对照表指定（原值「空」）
已指定-zip_map,C0221,谷新禹,中国船舶集团有限公司第七一五研究所 声纳技术重点实验室,杭州市,,310023,1,,人工对照表指定（原值「空」）
已指定-zip_map,C0251,郑润帆,中山大学 海洋工程与技术学院,珠海市,,519082,1,,人工对照表指定（原值「空」）
已指定-zip_map,C0251,李整林,中山大学 海洋工程与技术学院,珠海市,,519082,1,,人工对照表指定（原值「空」）
已指定-zip_map,C0251,李整林,汉江国家实验室 珠海研究中心,珠海市,,519000,1,,人工对照表指定（原值「空」）
已指定-zip_map,C0251,肖鹏,中山大学 海洋工程与技术学院,珠海市,,519082,1,,人工对照表指定（原值「空」）
已指定-zip_map,C0251,肖鹏,汉江国家实验室 珠海研究中心,珠海市,,519000,1,,人工对照表指定（原值「空」）
已补齐-A级,C0251,李整林,中山大学 广东省深海水声信息技术重点实验室,珠海市,,519082,1,4,唯一映射
已补齐-A级,C0251,肖鹏,中山大学 广东省深海水声信息技术重点实验室,珠海市,,519082,1,4,唯一映射
已指定-zip_map,C0255,胡佳华,中山大学 海洋工程与技术学院,珠海市,519000,519082,1,,人工对照表指定（原值「519000」）
已指定-zip_map,C0255,李整林,中山大学 海洋工程与技术学院,珠海市,519000,519082,1,,人工对照表指定（原值「519000」）
已指定-zip_map,C0255,肖鹏,中山大学 海洋工程与技术学院,珠海市,519000,519082,1,,人工对照表指定（原值「519000」）
已指定-zip_map,C0260,刘江涛,杭州应用声学研究所 水声数据与仿真中心,杭州市,310013,310023,1,,人工对照表指定（原值「310013」）
已指定-zip_map,C0260,乔斌,杭州应用声学研究所 水声数据与仿真中心,杭州市,310013,310023,1,,人工对照表指定（原值「310013」）
已指定-zip_map,C0260,张虎,杭州应用声学研究所 水声数据与仿真中心,杭州市,310013,310023,1,,人工对照表指定（原值「310013」）
已指定-zip_map,C0262,梁硕,杭州应用声学研究所 水声数据与仿真中心,杭州市,310013,310023,1,,人工对照表指定（原值「310013」）
已指定-zip_map,C0262,张虎,杭州应用声学研究所 水声数据与仿真中心,杭州市,310013,310023,1,,人工对照表指定（原值「310013」）
已指定-zip_map,C0263,聂鹏龙,杭州应用声学研究所 水声数据与仿真中心,杭州市,,310023,1,,人工对照表指定（原值「空」）
已指定-zip_map,C0263,张虎,杭州应用声学研究所 水声数据与仿真中心,杭州市,,310023,1,,人工对照表指定（原值「空」）
已指定-zip_map,C0263,乔斌,杭州应用声学研究所 水声数据与仿真中心,杭州市,,310023,1,,人工对照表指定（原值「空」）
已指定-zip_map,C0266,杨威,杭州应用声学研究所 水声数据与仿真中心,杭州市,,310023,1,,人工对照表指定（原值「空」）
已指定-zip_map,C0266,武建国,杭州应用声学研究所 水声数据与仿真中心,杭州市,,310023,1,,人工对照表指定（原值「空」）
已指定-zip_map,C0266,聂鹏龙,杭州应用声学研究所 水声数据与仿真中心,杭州市,,310023,1,,人工对照表指定（原值「空」）
已指定-zip_map,C0267,周煌卿,西北工业大学 航海学院,西安市,710129,710072,1,,人工对照表指定（原值「710129」）
已指定-zip_map,C0267,史阳,西北工业大学 航海学院,西安市,710129,710072,1,,人工对照表指定（原值「710129」）
已指定-zip_map,C0269,武建国,杭州应用声学研究所 水声数据与仿真中心,杭州市,,310023,1,,人工对照表指定（原值「空」）
已指定-zip_map,C0269,谷雨,杭州应用声学研究所 水声数据与仿真中心,杭州市,,310023,1,,人工对照表指定（原值「空」）
已指定-zip_map,C0269,张虎,杭州应用声学研究所 水声数据与仿真中心,杭州市,,310023,1,,人工对照表指定（原值「空」）
已指定-zip_map,C0284,胡选富,中国科学院大学 声学研究所,北京市,,100190,1,,人工对照表指定（原值「空」）
已指定-zip_map,C0291,黄骏龙,中山大学 海洋工程与技术学院,珠海市,,519082,1,,人工对照表指定（原值「空」）
已指定-zip_map,C0291,徐灵基,中山大学 海洋工程与技术学院,珠海市,,519082,1,,人工对照表指定（原值「空」）
已指定-zip_map,C0291,李整林,中山大学 海洋工程与技术学院,珠海市,,519082,1,,人工对照表指定（原值「空」）
已补齐-A级,C0297,王域,中国科学院声学研究所 声学与海洋信息全国重点实验室,北京市,,100190,1,25,唯一映射（原地区：海淀区）
已补齐-A级,C0297,黄健丽,中国科学院声学研究所 声学与海洋信息全国重点实验室,北京市,,100190,1,25,唯一映射（原地区：海淀区）
已补齐-A级,C0297,宫在晓,中国科学院声学研究所 声学与海洋信息全国重点实验室,北京市,,100190,1,25,唯一映射（原地区：海淀区）
已补齐-A级,C0297,汪俊,中国科学院声学研究所 声学与海洋信息全国重点实验室,北京市,,100190,1,25,唯一映射（原地区：海淀区）
已补齐-A级,C0297,牛海强,中国科学院声学研究所 声学与海洋信息全国重点实验室,北京市,,100190,1,25,唯一映射（原地区：海淀区）
已补齐-A级,C0303,王冬,中国科学院声学研究所 声学与海洋信息全国重点实验室,北京市,,100190,1,25,唯一映射（原地区：海淀区）
已补齐-A级,C0303,宫在晓,中国科学院声学研究所 声学与海洋信息全国重点实验室,北京市,,100190,1,25,唯一映射（原地区：海淀区）
已补齐-A级,C0303,王域,中国科学院声学研究所 声学与海洋信息全国重点实验室,北京市,,100190,1,25,唯一映射（原地区：海淀区）
已补齐-A级,C0303,汪俊,中国科学院声学研究所 声学与海洋信息全国重点实验室,北京市,,100190,1,25,唯一映射（原地区：海淀区）
已指定-zip_map,C0308,曲星昊,哈尔滨工程大学 水声工程学院,哈尔滨市,,150001,1,,人工对照表指定（原值「空」）
已指定-zip_map,C0308,乔钢,哈尔滨工程大学 水声工程学院,哈尔滨市,,150001,1,,人工对照表指定（原值「空」）
已指定-zip_map,C0308,商志刚,哈尔滨工程大学 水声工程学院,哈尔滨市,,150001,1,,人工对照表指定（原值「空」）
已指定-zip_map,C0308,许尚尚,哈尔滨工程大学 水声工程学院,哈尔滨市,,150001,1,,人工对照表指定（原值「空」）
已指定-zip_map,C0317,熊省军,杭州应用声学研究所 声纳技术重点实验室,杭州市,,310023,1,,人工对照表指定（原值「空」）
已指定-zip_map,C0317,李栋,杭州应用声学研究所 声纳技术重点实验室,杭州市,,310023,1,,人工对照表指定（原值「空」）
已指定-zip_map,C0317,冯玮,杭州应用声学研究所 声纳技术重点实验室,杭州市,,310023,1,,人工对照表指定（原值「空」）
已指定-zip_map,C0317,朱小辉,杭州应用声学研究所 声纳技术重点实验室,杭州市,,310023,1,,人工对照表指定（原值「空」）
已指定-zip_map,C0326,李晓彬,杭州应用声学研究所 声纳技术重点实验室,杭州市,,310023,1,,人工对照表指定（原值「空」）
已指定-zip_map,C0326,叶思懋,杭州应用声学研究所 声纳技术重点实验室,杭州市,,310023,1,,人工对照表指定（原值「空」）
已指定-zip_map,C0326,谷新禹,杭州应用声学研究所 声纳技术重点实验室,杭州市,,310023,1,,人工对照表指定（原值「空」）
已指定-zip_map,C0334,朱梓硕,西北工业大学 自动化学院,西安市,710129,710072,1,,人工对照表指定（原值「710129」）
已指定-zip_map,C0334,潘湘林,西北工业大学 自动化学院,西安市,710129,710072,1,,人工对照表指定（原值「710129」）
已指定-zip_map,C0334,李忠杰,西北工业大学 自动化学院,西安市,710129,710072,1,,人工对照表指定（原值「710129」）
已指定-zip_map,C0334,赵安康,西北工业大学 自动化学院,西安市,710129,710072,1,,人工对照表指定（原值「710129」）
已指定-zip_map,C0334,赵亮,西北工业大学 自动化学院,西安市,710129,710072,1,,人工对照表指定（原值「710129」）
已指定-zip_map,C0334,张博研,西北工业大学 自动化学院,西安市,710129,710072,1,,人工对照表指定（原值「710129」）
已指定-zip_map,C0334,计博源,西北工业大学 自动化学院,西安市,710129,710072,1,,人工对照表指定（原值「710129」）
已指定-zip_map,C0334,甘霖,西北工业大学 自动化学院,西安市,710129,710072,1,,人工对照表指定（原值「710129」）
已指定-zip_map,C0339,胡思源,中山大学 海洋工程与技术学院,珠海市,,519082,1,,人工对照表指定（原值「空」）
已指定-zip_map,C0339,徐灵基,中山大学 海洋工程与技术学院,珠海市,,519082,1,,人工对照表指定（原值「空」）
已指定-zip_map,C0339,文洪涛,中山大学 海洋工程与技术学院,珠海市,,519082,1,,人工对照表指定（原值「空」）
已指定-zip_map,C0339,刘思健,中山大学 海洋工程与技术学院,珠海市,,519082,1,,人工对照表指定（原值「空」）
已指定-zip_map,C0348,赵廷,杭州应用声学研究所 第四研究部,杭州市,,310023,1,,人工对照表指定（原值「空」）
已指定-zip_map,C0348,陈明,杭州应用声学研究所 第四研究部,杭州市,,310023,1,,人工对照表指定（原值「空」）
已指定-zip_map,C0348,朱可心,哈尔滨理工大学 自动化学院,哈尔滨市,,150080,1,,人工对照表指定（原值「空」）
已补齐-A级,C0351,王桢铎,杭州应用声学研究所 杭州应用声学研究所,杭州市,,310032,1,1,唯一映射
已补齐-A级,C0351,温梦华,杭州应用声学研究所 杭州应用声学研究所,杭州市,,310032,1,1,唯一映射
已补齐-A级,C0351,王超,杭州应用声学研究所 杭州应用声学研究所,杭州市,,310032,1,1,唯一映射
已补齐-A级,C0351,谢哲,杭州应用声学研究所 杭州应用声学研究所,杭州市,,310032,1,1,唯一映射
已指定-zip_map,C0353,王宣,杭州应用声学研究所 重点实验室,杭州市,,310023,1,,人工对照表指定（原值「空」）
已指定-zip_map,C0353,赵欧南,杭州应用声学研究所 重点实验室,杭州市,,310023,1,,人工对照表指定（原值「空」）
已补齐-A级,C0358,刘璐,中国科学院声学研究所 超声学实验室,北京市,,100190,1,10,唯一映射（原地区：海淀区）
已指定-zip_map,C0363,赵欧南,杭州应用声学研究所 声纳技术重点实验室,杭州市,310000,310023,1,,人工对照表指定（原值「310000」）
已指定-zip_map,C0363,王宣,杭州应用声学研究所 声纳技术重点实验室,杭州市,310000,310023,1,,人工对照表指定（原值「310000」）
已补齐-A级,C0365,殷凡,中国科学院声学研究所 声学与海洋信息全国重点实验室,北京市,,100190,1,25,唯一映射（原地区：海淀区）
已补齐-A级,C0365,宫在晓,中国科学院声学研究所 声学与海洋信息全国重点实验室,北京市,,100190,1,25,唯一映射（原地区：海淀区）
已补齐-A级,C0365,顾怡鸣,中国科学院声学研究所 声学与海洋信息全国重点实验室,北京市,,100190,1,25,唯一映射（原地区：海淀区）
已补齐-A级,C0365,王域,中国科学院声学研究所 声学与海洋信息全国重点实验室,北京市,,100190,1,25,唯一映射（原地区：海淀区）
已补齐-A级,C0365,汪俊,中国科学院声学研究所 声学与海洋信息全国重点实验室,北京市,,100190,1,25,唯一映射（原地区：海淀区）
已指定-zip_map,C0373,赵倩,哈尔滨工程大学 极地海洋声学与技术应用教育部重点实验室,哈尔滨市,,150001,1,,人工对照表指定（原值「空」）
已指定-zip_map,C0373,赵倩,哈尔滨工程大学 水声工程学院,哈尔滨市,,150001,1,,人工对照表指定（原值「空」）
已指定-zip_map,C0373,孙瑶,哈尔滨工程大学 极地海洋声学与技术应用教育部重点实验室,哈尔滨市,,150001,1,,人工对照表指定（原值「空」）
已指定-zip_map,C0373,孙瑶,哈尔滨工程大学 水声工程学院,哈尔滨市,,150001,1,,人工对照表指定（原值「空」）
已指定-zip_map,C0373,葛威,哈尔滨工程大学 极地海洋声学与技术应用教育部重点实验室,哈尔滨市,,150001,1,,人工对照表指定（原值「空」）
已指定-zip_map,C0373,葛威,哈尔滨工程大学 水声工程学院,哈尔滨市,,150001,1,,人工对照表指定（原值「空」）
已补齐-A级,C0373,赵倩,哈尔滨工程大学 水声技术全国重点实验室,哈尔滨市,,150001,1,20,唯一映射
已补齐-A级,C0373,孙瑶,哈尔滨工程大学 水声技术全国重点实验室,哈尔滨市,,150001,1,20,唯一映射
已补齐-A级,C0373,葛威,哈尔滨工程大学 水声技术全国重点实验室,哈尔滨市,,150001,1,20,唯一映射
已指定-zip_map,C0398,曹文婧,杭州应用声学研究所 杭州瑞利海洋装备有限公司,杭州市,,310023,1,,人工对照表指定（原值「空」）
已指定-zip_map,C0398,杨永寿,杭州应用声学研究所 杭州瑞利海洋装备有限公司,杭州市,,310023,1,,人工对照表指定（原值「空」）
已指定-zip_map,C0398,胡长和,杭州应用声学研究所 杭州瑞利海洋装备有限公司,杭州市,,310023,1,,人工对照表指定（原值「空」）
已指定-zip_map,C0398,程何小,杭州应用声学研究所 杭州瑞利海洋装备有限公司,杭州市,,310023,1,,人工对照表指定（原值「空」）
已补齐-A级,C0399,葛晨昊,中国船舶集团有限公司第七一五研究所 二部,杭州市,,310023,1,1,唯一映射
已补齐-A级,C0399,王晓林,中国船舶集团有限公司第七一五研究所 二部,杭州市,,310023,1,1,唯一映射
已补齐-A级,C0399,罗栋栋,中国船舶集团有限公司第七一五研究所 二部,杭州市,,310023,1,1,唯一映射
已指定-zip_map,C0430,李志欣,上海船舶电子设备研究所 第十研究室,上海市,,200031,1,,人工对照表指定（原值「空」）
已补齐-A级,C0455,梅贝宁,东南大学 水声信号处理教育部重点实验室,南京市,,211189,1,4,唯一映射
已补齐-A级,C0455,安良,东南大学 水声信号处理教育部重点实验室,南京市,,211189,1,4,唯一映射
已补齐-A级,C0455,朱启轩,东南大学 水声信号处理教育部重点实验室,南京市,,211189,1,4,唯一映射
已指定-zip_map,C0470,杨盼,西北工业大学 航海学院,西安市,710129,710072,1,,人工对照表指定（原值「710129」）
已指定-zip_map,C0470,刘雄厚,西北工业大学 航海学院,西安市,710129,710072,1,,人工对照表指定（原值「710129」）
已指定-zip_map,C0471,徐振邦,信息工程大学 地理空间信息学院,郑州市,,450001,1,,人工对照表指定（原值「空」）
已指定-zip_map,C0471,李姗姗,信息工程大学 地理空间信息学院,郑州市,,450001,1,,人工对照表指定（原值「空」）
已指定-zip_map,C0471,刘雄厚,西北工业大学 航海学院,西安市,,710072,1,,人工对照表指定（原值「空」）
已指定-zip_map,C0473,徐滨玥,西北工业大学 航海学院,西安市,710129,710072,1,,人工对照表指定（原值「710129」）
已指定-zip_map,C0473,刘雄厚,西北工业大学 航海学院,西安市,710129,710072,1,,人工对照表指定（原值「710129」）
已指定-zip_map,C0474,王侣豪,西北工业大学 航海学院,西安市,710129,710072,1,,人工对照表指定（原值「710129」）
已指定-zip_map,D0018,张玲玲,苏州工学院 电子信息工程学院,苏州市,,215500,1,,人工对照表指定（原值「空」）
已指定-zip_map,D0043,刘恩泽,易客创新（泉州）智能科技有限公司 超声事业部,泉州市,,362000,1,,人工对照表指定（原值「空」）
已指定-zip_map,D0197,郭霞杰,陕西师范大学 物理与信息技术学院,西安市,710062,710119,1,,人工对照表指定（原值「710062」）
已指定-zip_map,D0197,吴玉婷,陕西师范大学 物理与信息技术学院,西安市,710062,710119,1,,人工对照表指定（原值「710062」）
已指定-zip_map,D0197,雷照康,陕西师范大学 物理与信息技术学院,西安市,710062,710119,1,,人工对照表指定（原值「710062」）
已指定-zip_map,D0197,李秀如,陕西师范大学 物理与信息技术学院,西安市,710062,710119,1,,人工对照表指定（原值「710062」）
已指定-zip_map,D0197,崔致远,陕西师范大学 物理与信息技术学院,西安市,710062,710119,1,,人工对照表指定（原值「710062」）
已指定-zip_map,D0197,王成会,陕西师范大学 物理与信息技术学院,西安市,710062,710119,1,,人工对照表指定（原值「710062」）
已指定-zip_map,D0224,吴玉婷,陕西师范大学 物理学与信息技术学院,西安市,710062,710119,1,,人工对照表指定（原值「710062」）
已指定-zip_map,D0224,李秀如,陕西师范大学 物理学与信息技术学院,西安市,710062,710119,1,,人工对照表指定（原值「710062」）
已指定-zip_map,D0224,冯康艺,陕西师范大学 物理学与信息技术学院,西安市,710062,710119,1,,人工对照表指定（原值「710062」）
已指定-zip_map,D0224,王成会,陕西师范大学 物理学与信息技术学院,西安市,710062,710119,1,,人工对照表指定（原值「710062」）
已指定-zip_map,D0376,逯瑶,南方科技大学 深港微电子学院,深圳市,,518055,1,,人工对照表指定（原值「空」）
已指定-zip_map,D0384,江昊,陕西师范大学 物理学与信息技术学院,西安市,,710119,1,,人工对照表指定（原值「空」）
已指定-zip_map,D0384,章超,陕西师范大学 物理学与信息技术学院,西安市,,710119,1,,人工对照表指定（原值「空」）
已指定-zip_map,D0384,叶文旭,陕西师范大学 物理学与信息技术学院,西安市,,710119,1,,人工对照表指定（原值「空」）
已指定-zip_map,D0384,林书玉,陕西师范大学 物理学与信息技术学院,西安市,,710119,1,,人工对照表指定（原值「空」）
已指定-zip_map,D0385,叶文旭,陕西师范大学 物理学与信息技术学院,西安市,,710119,1,,人工对照表指定（原值「空」）
已指定-zip_map,D0385,林书玉,陕西师范大学 物理学与信息技术学院,西安市,,710119,1,,人工对照表指定（原值「空」）
已指定-zip_map,D0386,陈慧琴,陕西师范大学 物理学与信息技术学院,西安市,,710119,1,,人工对照表指定（原值「空」）
已指定-zip_map,D0386,王怡,陕西师范大学 物理学与信息技术学院,西安市,,710119,1,,人工对照表指定（原值「空」）
已指定-zip_map,D0386,任文博,陕西师范大学 物理学与信息技术学院,西安市,,710119,1,,人工对照表指定（原值「空」）
已指定-zip_map,D0386,江昊,陕西师范大学 物理学与信息技术学院,西安市,,710119,1,,人工对照表指定（原值「空」）
已指定-zip_map,D0386,林书玉,陕西师范大学 物理学与信息技术学院,西安市,,710119,1,,人工对照表指定（原值「空」）
已补齐-A级,D0421,张绪,西安电子科技大学 集成电路学部,西安市,,710126,1,3,唯一映射
已补齐-A级,D0421,刘一苇,西安电子科技大学 集成电路学部,西安市,,710126,1,3,唯一映射
已补齐-A级,D0421,李照希,西安电子科技大学 集成电路学部,西安市,,710126,1,3,唯一映射
已补齐-A级,D0421,李迪,西安电子科技大学 集成电路学部,西安市,,710126,1,3,唯一映射
已指定-zip_map,E0147,张辉,上海工程技术大学 城市轨道交通学院,上海市,,201620,1,,人工对照表指定（原值「空」）
已指定-zip_map,E0147,任科,上海工程技术大学 城市轨道交通学院,上海市,,201620,1,,人工对照表指定（原值「空」）
已指定-zip_map,E0147,张海燕,上海大学 通信与信息工程学院,上海市,,200444,1,,人工对照表指定（原值「空」）
已指定-zip_map,E0147,张辉,上海工程技术大学 城市轨道交通学院,上海市,,201620,1,,人工对照表指定（原值「空」）
已指定-zip_map,E0147,张辉,上海工程技术大学 城市轨道交通学院,上海市,,201620,1,,人工对照表指定（原值「空」）
已指定-zip_map,E0147,徐吉超,上海工程技术大学 城市轨道交通学院,上海市,,201620,1,,人工对照表指定（原值「空」）
已补齐-A级,E0164,韩悦,吉林大学 物理学院,长春市,,130012,1,3,唯一映射
已补齐-A级,E0164,刘金霞,吉林大学 物理学院,长春市,,130012,1,3,唯一映射
已补齐-A级,E0164,崔志文,吉林大学 物理学院,长春市,,130012,1,3,唯一映射
已补齐-A级,E0211,张凯,东南大学 机械工程学院,南京市,,211189,1,6,唯一映射
已补齐-A级,E0211,张辉,东南大学 机械工程学院,南京市,,211189,1,6,唯一映射
已指定-zip_map,E0241,万翔,西安科技大学 机械工程学院,西安市,,710054,1,,人工对照表指定（原值「空」）
已指定-zip_map,E0283,靳先帝,南京大学 先进制造学院,苏州市,215000,215163,1,,人工对照表指定（原值「215000」）
已指定-zip_map,E0283,赵伟祥,南京大学 先进制造学院,苏州市,215000,215163,1,,人工对照表指定（原值「215000」）
已指定-zip_map,E0283,李鸿超,南京大学 先进制造学院,苏州市,215000,215163,1,,人工对照表指定（原值「215000」）
已指定-zip_map,E0283,郭淳钰,南京大学 先进制造学院,苏州市,215000,215163,1,,人工对照表指定（原值「215000」）
已指定-zip_map,E0283,魏彤,南京大学 先进制造学院,苏州市,215000,215163,1,,人工对照表指定（原值「215000」）
已指定-zip_map,E0283,徐杰,南京大学 先进制造学院,苏州市,215000,215163,1,,人工对照表指定（原值「215000」）
已指定-zip_map,E0283,简小华,南京大学 先进制造学院,苏州市,215000,215163,1,,人工对照表指定（原值「215000」）
已指定-zip_map,G0060,龚新越,南京大学物理学院，南京大学声学研究所 物理学院,南京市,,210023,1,,人工对照表指定（原值「空」）
已指定-zip_map,G0060,杜秉泽,南京大学物理学院，南京大学声学研究所 物理学院,南京市,,210023,1,,人工对照表指定（原值「空」）
已指定-zip_map,G0060,张国峰,南京大学物理学院，南京大学声学研究所 物理学院,南京市,,210023,1,,人工对照表指定（原值「空」）
已指定-zip_map,G0060,朱逸斐,珠海医凯电子科技有限公司 珠海医凯电子科技有限公司,珠海市,,519000,1,,人工对照表指定（原值「空」）
已指定-zip_map,G0060,朱逸斐,南京大学物理学院，南京大学声学研究所 物理学院,南京市,,210023,1,,人工对照表指定（原值「空」）
已指定-zip_map,G0060,薛洪惠,无锡商业职业技术学院物联网与人工智能学院 物联网与人工智能学院,无锡市,,214153,1,,人工对照表指定（原值「空」）
已指定-zip_map,G0060,屠娟,南京大学物理学院，南京大学声学研究所 物理学院,南京市,,210023,1,,人工对照表指定（原值「空」）
已指定-zip_map,G0071,张小曼,南京大学 先进制造学院,苏州市,,215163,1,,人工对照表指定（原值「空」）
已指定-zip_map,G0071,曹文武,南京大学 先进制造学院,苏州市,,215163,1,,人工对照表指定（原值「空」）
已指定-zip_map,G0075,魏轲,南京大学物理学院声科学与工程系 南京大学物理学院声科学与工程系,南京市,,210023,1,,人工对照表指定（原值「空」）
已指定-zip_map,G0075,屠娟,南京大学物理学院声科学与工程系 南京大学物理学院声科学与工程系,南京市,,210023,1,,人工对照表指定（原值「空」）
已指定-zip_map,G0075,章东,南京大学物理学院声科学与工程系 南京大学物理学院声科学与工程系,南京市,,210023,1,,人工对照表指定（原值「空」）
已指定-zip_map,G0103,杨一帆,南京大学 物理学院,南京市,210008,210023,1,,人工对照表指定（原值「210008」）
已指定-zip_map,G0103,陶超,南京大学 物理学院,南京市,210008,210023,1,,人工对照表指定（原值「210008」）
已指定-zip_map,G0103,刘晓峻,南京大学 物理学院,南京市,210008,210023,1,,人工对照表指定（原值「210008」）
已指定-zip_map,G0104,左天翔,南京大学 物理学院,南京市,210093,210023,1,,人工对照表指定（原值「210093」）
已指定-zip_map,G0104,陶超,南京大学 物理学院,南京市,210093,210023,1,,人工对照表指定（原值「210093」）
已指定-zip_map,G0104,刘晓峻,南京大学 物理学院,南京市,210093,210023,1,,人工对照表指定（原值「210093」）
已指定-zip_map,G0156,上官哲韬,医学科学与工程学院 北京理工大学,北京市,,100081,1,,人工对照表指定（原值「空」）
已指定-zip_map,G0156,纪镇祥,医学科学与工程学院 北京理工大学,北京市,,100081,1,,人工对照表指定（原值「空」）
已指定-zip_map,G0156,刘怡然,医学科学与工程学院 北京理工大学,北京市,,100081,1,,人工对照表指定（原值「空」）
已指定-zip_map,G0156,杨若妍,医学科学与工程学院 北京理工大学,北京市,,100081,1,,人工对照表指定（原值「空」）
已指定-zip_map,G0156,索鼎杰,医学科学与工程学院 北京理工大学,北京市,,100081,1,,人工对照表指定（原值「空」）
已指定-zip_map,G0281,靳先帝,南京大学 先进制造学院,苏州市,215000,215163,1,,人工对照表指定（原值「215000」）
已指定-zip_map,G0281,郭淳钰,南京大学 先进制造学院,苏州市,215000,215163,1,,人工对照表指定（原值「215000」）
已指定-zip_map,G0281,李鸿超,南京大学 先进制造学院,苏州市,215000,215163,1,,人工对照表指定（原值「215000」）
已指定-zip_map,G0281,魏彤,南京大学 先进制造学院,苏州市,215000,215163,1,,人工对照表指定（原值「215000」）
已指定-zip_map,G0281,赵子枫,南京大学 先进制造学院,苏州市,215000,215163,1,,人工对照表指定（原值「215000」）
已指定-zip_map,G0281,吕锦涵,南京大学 先进制造学院,苏州市,215000,215163,1,,人工对照表指定（原值「215000」）
已指定-zip_map,G0281,徐杰,南京大学 先进制造学院,苏州市,215000,215163,1,,人工对照表指定（原值「215000」）
已指定-zip_map,G0281,简小华,南京大学 先进制造学院,苏州市,215000,215163,1,,人工对照表指定（原值「215000」）
已指定-zip_map,G0286,杜秉泽,南京大学 物理学院,南京市,,210023,1,,人工对照表指定（原值「空」）
已指定-zip_map,G0286,姜岭寅,南京大学 物理学院,南京市,,210023,1,,人工对照表指定（原值「空」）
已指定-zip_map,G0286,吴意赟,江苏省中医院 超声医学科,南京市,,210029,1,,人工对照表指定（原值「空」）
已指定-zip_map,G0286,丁波,珠海医凯电子科技有限公司 研发部,珠海市,,519000,1,,人工对照表指定（原值「空」）
已指定-zip_map,G0286,屠娟,南京大学 物理学院,南京市,,210023,1,,人工对照表指定（原值「空」）
已指定-zip_map,G0302,宫门阳,南京信息工程大学 电子与信息工程学院,南京市,,210044,1,,人工对照表指定（原值「空」）
已指定-zip_map,G0309,高翔,陕西师范大学 物理学与信息技术学院,西安市,,710119,1,,人工对照表指定（原值「空」）
已指定-zip_map,G0309,郭建中,陕西师范大学 物理学与信息技术学院,西安市,,710119,1,,人工对照表指定（原值「空」）
已指定-zip_map,G0321,魏彤,南京大学 先进制造学院,苏州市,215263,215163,1,,人工对照表指定（原值「215263」）
已指定-zip_map,G0321,简小华,南京大学 先进制造学院,苏州市,215263,215163,1,,人工对照表指定（原值「215263」）
已指定-zip_map,G0321,徐杰,南京大学 先进制造学院,苏州市,215263,215163,1,,人工对照表指定（原值「215263」）
已指定-zip_map,G0321,靳先帝,南京大学 先进制造学院,苏州市,215263,215163,1,,人工对照表指定（原值「215263」）
已指定-zip_map,G0321,吕锦涵,南京大学 先进制造学院,苏州市,215263,215163,1,,人工对照表指定（原值「215263」）
已指定-zip_map,G0354,程双毅,复旦大学 生物医学工程系 智慧医疗超声实验室,上海市,,200433,1,,人工对照表指定（原值「空」）
已指定-zip_map,G0354,徐龙,上海波达医疗科技有限责任公司 研发,上海市,,201203,1,,人工对照表指定（原值「空」）
已指定-zip_map,G0354,许凯亮,复旦大学 生物医学工程系 智慧医疗超声实验室,上海市,,200433,1,,人工对照表指定（原值「空」）
已指定-zip_map,G0354,他得安,复旦大学 生物医学工程系 智慧医疗超声实验室,上海市,,200433,1,,人工对照表指定（原值「空」）
已指定-zip_map,G0369,何佳儒,广东省智能科学与技术研究院 多尺度神经成像与操控研究组,珠海市,,519031,1,,人工对照表指定（原值「空」）
已指定-zip_map,G0369,朱杰君,广东省智能科学与技术研究院 多尺度神经成像与操控研究组,珠海市,,519031,1,,人工对照表指定（原值「空」）
已指定-zip_map,G0369,陈子浩,香港理工大学 生物医学工程学系,香港,,999077,1,,人工对照表指定（原值「空」）
已指定-zip_map,G0369,杨晋,香港理工大学 生物医学工程学系,香港,,999077,1,,人工对照表指定（原值「空」）
已指定-zip_map,G0369,徐宏治,复旦大学 复旦大学上海医学院华山医院神经外科,上海市,,200040,1,,人工对照表指定（原值「空」）
已指定-zip_map,G0369,孙雷,香港理工大学 生物医学工程学系,香港,,999077,1,,人工对照表指定（原值「空」）
已指定-zip_map,G0369,丘志海,广东省智能科学与技术研究院 多尺度神经成像与操控研究组,珠海市,,519031,1,,人工对照表指定（原值「空」）
缺邮编-C级,G0369,王新新,澳门大学 健康科学学院 / 认知与脑科学中心,澳门,,,0,0,全表无同「单位名+地区」的有效邮编记录（原地区：凼仔岛）
缺邮编-C级,G0369,袁振,澳门大学 健康科学学院 / 认知与脑科学中心,澳门,,,0,0,全表无同「单位名+地区」的有效邮编记录（原地区：凼仔岛）
已补齐-A级,G0396,郭世放,西安交通大学 生命科学与技术学院,西安市,,710049,1,2,唯一映射
已补齐-A级,G0396,胡心茹,西安交通大学 生命科学与技术学院,西安市,,710049,1,2,唯一映射
已补齐-A级,G0396,贾万琳,西安交通大学 生命科学与技术学院,西安市,,710049,1,2,唯一映射
已补齐-A级,G0396,牙振,西安交通大学 生命科学与技术学院,西安市,,710049,1,2,唯一映射
已补齐-A级,G0396,李燕,西安交通大学 生命科学与技术学院,西安市,,710049,1,2,唯一映射
已补齐-A级,G0396,万明习,西安交通大学 生命科学与技术学院,西安市,,710049,1,2,唯一映射
已指定-zip_map,G0404,丁予婷,上海市第十人民医院 超声医学科,上海市,,200072,1,,人工对照表指定（原值「空」）
已指定-zip_map,G0404,郭乐杭,上海市第十人民医院 超声医学科,上海市,,200072,1,,人工对照表指定（原值「空」）
已指定-zip_map,H0053,陈小军,哈尔滨工程大学 水声工程学院,哈尔滨市,150000,150001,1,,人工对照表指定（原值「150000」）
已指定-zip_map,H0053,刘盛春,哈尔滨工程大学 水声工程学院,哈尔滨市,150000,150001,1,,人工对照表指定（原值「150000」）
已指定-zip_map,H0139,罗为,华中科技大学 集成电路学院,武汉市,,430074,1,,人工对照表指定（原值「空」）
已补齐-A级,H0299,户媛媛,中国科学院声学研究所 超声学实验室,北京市,,100190,1,10,唯一映射（原地区：海淀区）
已补齐-A级,H0299,刘梦伟,中国科学院声学研究所 超声学实验室,北京市,,100190,1,10,唯一映射（原地区：海淀区）
已补齐-A级,H0306,于冰冰,中国科学院声学研究所 超声学实验室,北京市,,100190,1,10,唯一映射（原地区：海淀区）
已补齐-A级,H0306,王文,中国科学院声学研究所 超声学实验室,北京市,,100190,1,10,唯一映射（原地区：海淀区）
已指定-zip_map,H0322,全浩,东北大学 医学与生物信息工程学院,沈阳市,,110169,1,,人工对照表指定（原值「空」）
已补齐-A级,H0322,李昕珈,中国科学院深圳先进技术研究院 医学成像科学与技术系统全国重点实验室,深圳市,,518055,1,4,唯一映射
已补齐-A级,H0322,全浩,中国科学院深圳先进技术研究院 医学成像科学与技术系统全国重点实验室,深圳市,,518055,1,4,唯一映射
已补齐-A级,H0322,刘秀芳,中国科学院深圳先进技术研究院 医学成像科学与技术系统全国重点实验室,深圳市,,518055,1,4,唯一映射
已补齐-A级,H0322,孟龙,中国科学院深圳先进技术研究院 医学成像科学与技术系统全国重点实验室,深圳市,,518055,1,4,唯一映射
已补齐-A级,H0408,许牧原,西安电子科技大学 集成电路学部,西安市,,710126,1,3,唯一映射
已补齐-A级,H0408,李迪,西安电子科技大学 集成电路学部,西安市,,710126,1,3,唯一映射
已补齐-A级,H0408,李照希,西安电子科技大学 集成电路学部,西安市,,710126,1,3,唯一映射
已补齐-A级,H0408,杨银堂,西安电子科技大学 集成电路学部,西安市,,710126,1,3,唯一映射
已指定-zip_map,I0165,黄议霆,广西大学 土木建筑工程学院,南宁市,,530004,1,,人工对照表指定（原值「空」）
已指定-zip_map,I0165,宋阳,广西大学 土木建筑工程学院,南宁市,,530004,1,,人工对照表指定（原值「空」）
已指定-zip_map,I0189,张焱,延安大学 建筑工程学院,延安市,,716000,1,,人工对照表指定（原值「空」）
已补齐-A级,I0189,张焱,哈尔滨工业大学（深圳） 建筑学院,深圳市,,518055,1,2,唯一映射
已补齐-A级,I0189,余磊,哈尔滨工业大学（深圳） 建筑学院,深圳市,,518055,1,2,唯一映射
缺邮编-C级,I0189,康健,英国伦敦大学学院 环境设计与工程研究所巴特莱特建筑学部,海外,,,0,0,全表无同「单位名+地区」的有效邮编记录
已补齐-A级,I0216,纪艳春,伊犁师范大学 物理科学与技术学院,伊犁哈萨克自治州,,835000,1,4,唯一映射
已补齐-A级,I0216,何芝华,伊犁师范大学 物理科学与技术学院,伊犁哈萨克自治州,,835000,1,4,唯一映射
已指定-zip_map,I0236,钱亚勤,杭州爱华智能科技有限公司 开发部,杭州市,,310013,1,,人工对照表指定（原值「空」）
已指定-zip_map,I0330,王翘楚,福建理工大学 建筑与城乡规划学院,福州市,,350118,1,,人工对照表指定（原值「空」）
已指定-zip_map,I0380,方子琪,西北工业大学 航海学院,西安市,710129,710072,1,,人工对照表指定（原值「710129」）
已指定-zip_map,I0380,曾向阳,西北工业大学 航海学院,西安市,710129,710072,1,,人工对照表指定（原值「710129」）
已指定-zip_map,J0015,郑婉星,西安理工大学 材料科学与工程,西安市,,710048,1,,人工对照表指定（原值「空」）
已指定-zip_map,J0016,王博,哈尔滨工程大学 水声工程学院,哈尔滨市,150000,150001,1,,人工对照表指定（原值「150000」）
已指定-zip_map,J0081,郭星宇,哈尔滨工程大学 水声工程学院,哈尔滨市,,150001,1,,人工对照表指定（原值「空」）
已指定-zip_map,J0081,吴闯,哈尔滨工程大学 水声工程学院,哈尔滨市,,150001,1,,人工对照表指定（原值「空」）
已指定-zip_map,J0081,袁佳伟,哈尔滨工程大学 水声工程学院,哈尔滨市,,150001,1,,人工对照表指定（原值「空」）
已指定-zip_map,J0081,肖妍,哈尔滨工程大学 水声工程学院,哈尔滨市,,150001,1,,人工对照表指定（原值「空」）
已指定-zip_map,J0081,商德江,哈尔滨工程大学 水声工程学院,哈尔滨市,,150001,1,,人工对照表指定（原值「空」）
已补齐-A级,J0081,郭星宇,哈尔滨工程大学 水声技术全国重点实验室,哈尔滨市,,150001,1,20,唯一映射
已补齐-A级,J0081,郭星宇,哈尔滨工程大学 海洋信息获取与安全工信部重点实验室（哈尔滨工程大学）,哈尔滨市,,150001,1,6,唯一映射
已补齐-A级,J0081,吴闯,哈尔滨工程大学 水声技术全国重点实验室,哈尔滨市,,150001,1,20,唯一映射
已补齐-A级,J0081,吴闯,哈尔滨工程大学 海洋信息获取与安全工信部重点实验室（哈尔滨工程大学）,哈尔滨市,,150001,1,6,唯一映射
已补齐-A级,J0081,袁佳伟,哈尔滨工程大学 水声技术全国重点实验室,哈尔滨市,,150001,1,20,唯一映射
已补齐-A级,J0081,袁佳伟,哈尔滨工程大学 海洋信息获取与安全工信部重点实验室（哈尔滨工程大学）,哈尔滨市,,150001,1,6,唯一映射
已补齐-A级,J0081,肖妍,哈尔滨工程大学 水声技术全国重点实验室,哈尔滨市,,150001,1,20,唯一映射
已补齐-A级,J0081,肖妍,哈尔滨工程大学 海洋信息获取与安全工信部重点实验室（哈尔滨工程大学）,哈尔滨市,,150001,1,6,唯一映射
已补齐-A级,J0081,商德江,哈尔滨工程大学 水声技术全国重点实验室,哈尔滨市,,150001,1,20,唯一映射
已补齐-A级,J0081,商德江,哈尔滨工程大学 海洋信息获取与安全工信部重点实验室（哈尔滨工程大学）,哈尔滨市,,150001,1,6,唯一映射
已指定-zip_map,J0198,朱一寰,同济大学 声学研究所,上海市,200002,200092,1,,人工对照表指定（原值「200002」）
已指定-zip_map,J0198,毛东兴,同济大学 声学研究所,上海市,200002,200092,1,,人工对照表指定（原值「200002」）
已指定-zip_map,J0198,王旭,同济大学 声学研究所,上海市,200002,200092,1,,人工对照表指定（原值「200002」）
已指定-zip_map,J0198,李勇,同济大学 声学研究所,上海市,200002,200092,1,,人工对照表指定（原值「200002」）
已指定-zip_map,J0203,赵圣强,南京大学 物理学院,南京市,210093,210023,1,,人工对照表指定（原值「210093」）
已指定-zip_map,J0203,刘京京,南京大学 物理学院,南京市,210093,210023,1,,人工对照表指定（原值「210093」）
已指定-zip_map,J0203,梁彬,南京大学 物理学院,南京市,210093,210023,1,,人工对照表指定（原值「210093」）
已指定-zip_map,J0203,程建春,南京大学 物理学院,南京市,210093,210023,1,,人工对照表指定（原值「210093」）
已指定-zip_map,J0292,路可欣,交通运输部公路科学研究所 环境中心,北京市,,100088,1,,人工对照表指定（原值「空」）
已指定-zip_map,J0292,袁旻忞,交通运输部公路科学研究所 环境中心,北京市,,100088,1,,人工对照表指定（原值「空」）
缺邮编-C级,K0113,赵斯培,悉尼科技大学 澳大利亚悉尼科技大学声与振动中心,海外,,,0,0,全表无同「单位名+地区」的有效邮编记录
已指定-zip_map,K0117,杨俊采,南京大学 物理学院,南京市,210093,210023,1,,人工对照表指定（原值「210093」）
已指定-zip_map,K0135,陈欣安,南京大学 物理学院,南京市,210093,210023,1,,人工对照表指定（原值「210093」）
已指定-zip_map,K0135,容晓彬,南京大学 物理学院,南京市,210093,210023,1,,人工对照表指定（原值「210093」）
已指定-zip_map,K0135,胡沁雯,南京大学 物理学院,南京市,210093,210023,1,,人工对照表指定（原值「210093」）
已指定-zip_map,K0135,卢晶,南京大学 物理学院,南京市,210093,210023,1,,人工对照表指定（原值「210093」）
已指定-zip_map,K0135,陈锴,南京大学 物理学院,南京市,210093,210023,1,,人工对照表指定（原值「210093」）
缺邮编-C级,K0178,Yun Jing,The Pennsylvania State University Graduate Program in Acoustics,海外,000000,,0,0,全表无同「单位名+地区」的有效邮编记录
已指定-zip_map,K0305,温梦华,中国船舶集团有限公司第七一五研究所 声纳技术重点实验室,杭州市,,310023,1,,人工对照表指定（原值「空」）
已指定-zip_map,K0305,熊省军,中国船舶集团有限公司第七一五研究所 声纳技术重点实验室,杭州市,,310023,1,,人工对照表指定（原值「空」）
已指定-zip_map,K0305,李栋,中国船舶集团有限公司第七一五研究所 声纳技术重点实验室,杭州市,,310023,1,,人工对照表指定（原值「空」）
已指定-zip_map,K0370,谢哲,中国船舶集团有限公司第七一五研究所 声纳技术重点实验室,杭州市,,310023,1,,人工对照表指定（原值「空」）
已指定-zip_map,K0370,王桢铎,中国船舶集团有限公司第七一五研究所 声纳技术重点实验室,杭州市,,310023,1,,人工对照表指定（原值「空」）
已补齐-A级,K0453,崔贞鸣,中国科学院声学研究所 噪声与音频声学实验室,北京市,,100190,1,20,唯一映射（原地区：海淀区）
已补齐-A级,K0453,崔贞鸣,中国科学院大学 电子电气与通信工程学院,北京市,,100190,1,1,唯一映射（原地区：海淀区）
已补齐-A级,K0453,石同阳,中国科学院声学研究所 噪声与音频声学实验室,北京市,,100190,1,20,唯一映射（原地区：海淀区）
已补齐-A级,K0453,吴鸣,中国科学院声学研究所 噪声与音频声学实验室,北京市,,100190,1,20,唯一映射（原地区：海淀区）
已补齐-A级,K0453,杨军,中国科学院声学研究所 噪声与音频声学实验室,北京市,,100190,1,20,唯一映射（原地区：海淀区）
已补齐-A级,L0115,廖玮,南京航空航天大学 物理学院,南京市,,211106,1,2,唯一映射
已补齐-A级,L0123,还好,南京航空航天大学 物理学院,南京市,,211106,1,2,唯一映射
已补齐-A级,L0123,林玮,南京航空航天大学 物理学院,南京市,,211106,1,2,唯一映射
已指定-zip_map,L0320,岳昭新,太原理工大学 计算机科学与技术（大数据）学院,晋中市,,30600,1,,人工对照表指定（原值「空」）
已指定-zip_map,L0320,郭剑锋,太原理工大学 计算机科学与技术（大数据）学院,晋中市,,30600,1,,人工对照表指定（原值「空」）
已指定-zip_map,L0336,李扬,西安外国语大学 经济金融学院,西安市,,710128,1,,人工对照表指定（原值「空」）
已补齐-A级,M0168,胡赵敏,石家庄铁道大学 建筑与艺术学院,石家庄市,,050000,1,5,唯一映射
已补齐-A级,M0168,毛琳箐,石家庄铁道大学 建筑与艺术学院,石家庄市,,050000,1,5,唯一映射
已补齐-A级,M0168,角楚云,石家庄铁道大学 建筑与艺术学院,石家庄市,,050000,1,5,唯一映射
已补齐-A级,M0168,贾怡红,石家庄铁道大学 建筑与艺术学院,石家庄市,,050000,1,5,唯一映射
已补齐-A级,M0168,宋恒玲,石家庄铁道大学 建筑与艺术学院,石家庄市,,050000,1,5,唯一映射
已指定-zip_map,M0230,范洪旺,杭州爱华智能科技有限公司 开发部,杭州市,,310013,1,,人工对照表指定（原值「空」）
已指定-zip_map,M0333,乔木薇,广西大学 土木建筑工程学院,南宁市,530000,530004,1,,人工对照表指定（原值「530000」）
已指定-zip_map,M0333,宋阳,广西大学 土木建筑工程学院,南宁市,530000,530004,1,,人工对照表指定（原值「530000」）
已指定-zip_map,M0362,张心茹,湖南农业大学 风景园林与艺术设计学院,长沙市,,410128,1,,人工对照表指定（原值「空」）
已指定-zip_map,M0362,龙晓婕,湖南农业大学 风景园林与艺术设计学院,长沙市,,410128,1,,人工对照表指定（原值「空」）
已指定-zip_map,M0362,雷雨亮,湖南农业大学 风景园林与艺术设计学院,长沙市,,410128,1,,人工对照表指定（原值「空」）
缺邮编-C级,M0362,Nazli Che Din,Univerisiti Malaya 建筑环境学院,海外,,,0,0,全表无同「单位名+地区」的有效邮编记录
已指定-zip_map,O0415,程志伟,广州南方学院 工学院,广州市,,510970,1,,人工对照表指定（原值「空」）
已指定-zip_map,P0187,贝先明,广东外语外贸大学 中国语言文化学院,广州市,,510420,1,,人工对照表指定（原值「空」）
已指定-zip_map,P0187,郑能恒,深圳大学 电子与信息工程学院,深圳市,,518060,1,,人工对照表指定（原值「空」）
已补齐-A级,P0187,周华莉,河源职业技术学院 电子与信息工程学院,河源市,,517000,1,1,唯一映射
已补齐-A级,P0187,郭振宇,广州大学 电子与通信工程学院,广州市,,510006,1,1,唯一映射
已补齐-A级,P0187,曾宪海,深圳市龙岗区耳鼻咽喉医院 耳科,深圳市,,518172,1,2,唯一映射
已补齐-A级,P0187,魏朝刚,深圳市龙岗区耳鼻咽喉医院 耳科,深圳市,,518172,1,2,唯一映射
已补齐-A级,P0187,李娟娟,深圳市龙岗区耳鼻咽喉医院 耳科,深圳市,,518172,1,2,唯一映射
已补齐-A级,P0187,孟庆林,华南理工大学 物理与光电学院,广州市,,510641,1,1,唯一映射
已指定-zip_map,P0257,刘诗韵,西北工业大学 自动化学院,西安市,710129,710072,1,,人工对照表指定（原值「710129」）
已指定-zip_map,P0257,王嘉伟,西北工业大学 自动化学院,西安市,710129,710072,1,,人工对照表指定（原值「710129」）
已指定-zip_map,P0257,李忠杰,西北工业大学 自动化学院,西安市,710129,710072,1,,人工对照表指定（原值「710129」）
已指定-zip_map,P0257,甘霖,西北工业大学 自动化学院,西安市,710129,710072,1,,人工对照表指定（原值「710129」）
已指定-zip_map,P0274,周嘉诚,西北工业大学 自动化学院,西安市,,710072,1,,人工对照表指定（原值「空」）
已指定-zip_map,P0274,李忠杰,西北工业大学 自动化学院,西安市,,710072,1,,人工对照表指定（原值「空」）
已指定-zip_map,P0274,陈思宇,西北工业大学 自动化学院,西安市,,710072,1,,人工对照表指定（原值「空」）
已指定-zip_map,P0274,甘霖,西北工业大学 自动化学院,西安市,,710072,1,,人工对照表指定（原值「空」）
已补齐-A级,P0274,黄俊伟,西北工业大学 计算机学院,西安市,,710100,1,1,唯一映射
已指定-zip_map,P0276,陈骏博,南京大学 物理学院,南京市,,210023,1,,人工对照表指定（原值「空」）
已指定-zip_map,P0276,屠娟,南京大学 物理学院,南京市,,210023,1,,人工对照表指定（原值「空」）
已指定-zip_map,P0278,王嘉伟,西北工业大学 自动化,西安市,,710072,1,,人工对照表指定（原值「空」）
已指定-zip_map,P0278,李忠杰,西北工业大学 自动化,西安市,,710072,1,,人工对照表指定（原值「空」）
已指定-zip_map,P0278,秦川,西北工业大学 自动化,西安市,,710072,1,,人工对照表指定（原值「空」）
已指定-zip_map,P0278,赵政越,西北工业大学 自动化,西安市,,710072,1,,人工对照表指定（原值「空」）
已指定-zip_map,P0278,钱丞煜,西北工业大学 自动化,西安市,,710072,1,,人工对照表指定（原值「空」）
已指定-zip_map,P0278,甘霖,西北工业大学 自动化,西安市,,710072,1,,人工对照表指定（原值「空」）
已指定-zip_map,P0341,赖展翔,西北工业大学 航海学院,西安市,710100,710072,1,,人工对照表指定（原值「710100」）
已指定-zip_map,P0341,李忠杰,西北工业大学 自动化学院,西安市,710100,710072,1,,人工对照表指定（原值「710100」）
已指定-zip_map,P0341,郝恬然,西北工业大学 自动化学院,西安市,710100,710072,1,,人工对照表指定（原值「710100」）
已指定-zip_map,P0341,曹浩然,西北工业大学 自动化学院,西安市,710100,710072,1,,人工对照表指定（原值「710100」）
已指定-zip_map,P0341,甘霖,西北工业大学 自动化学院,西安市,710100,710072,1,,人工对照表指定（原值「710100」）
已指定-zip_map,P0342,李忠杰,西北工业大学 自动化学院,西安市,710100,710072,1,,人工对照表指定（原值「710100」）
已指定-zip_map,P0342,牛超文,西北工业大学 自动化学院,西安市,710100,710072,1,,人工对照表指定（原值「710100」）
已指定-zip_map,P0342,秦艺卓,西北工业大学 自动化学院,西安市,710100,710072,1,,人工对照表指定（原值「710100」）
已指定-zip_map,P0345,李忠杰,西北工业大学 自动化学院,西安市,710100,710072,1,,人工对照表指定（原值「710100」）
已指定-zip_map,P0345,甘霖,西北工业大学 自动化学院,西安市,710100,710072,1,,人工对照表指定（原值「710100」）
已指定-zip_map,P0405,柴鹏,西北工业大学 自动化学院,西安市,710129,710072,1,,人工对照表指定（原值「710129」）
已指定-zip_map,P0405,李忠杰,西北工业大学 自动化学院,西安市,710129,710072,1,,人工对照表指定（原值「710129」）
已指定-zip_map,P0405,甘霖,西北工业大学 自动化学院,西安市,710129,710072,1,,人工对照表指定（原值「710129」）
已指定-zip_map,P0452,罗剑峰,西北工业大学 航海学院,西安市,,710072,1,,人工对照表指定（原值「空」）
已指定-zip_map,P0452,陈克安,西北工业大学 航海学院,西安市,,710072,1,,人工对照表指定（原值「空」）
已指定-zip_map,Q0181,张永军,杭州爱华智能科技有限公司 开发部,杭州市,,310013,1,,人工对照表指定（原值「空」）
已指定-zip_map,Q0233,熊文波,杭州爱华智能科技有限公司 开发部,杭州市,,310013,1,,人工对照表指定（原值「空」）
已指定-zip_map,Q0250,薛若珂,陕西师范大学 物理与信息技术学院,西安市,,710119,1,,人工对照表指定（原值「空」）
已指定-zip_map,Q0356,周舟,南京大学 物理学院,南京市,,210023,1,,人工对照表指定（原值「空」）
已指定-zip_map,Q0356,陈若彦,南京大学 物理学院,南京市,,210023,1,,人工对照表指定（原值「空」）
已指定-zip_map,Q0356,陶建成,南京大学 物理学院,南京市,,210023,1,,人工对照表指定（原值「空」）
已指定-zip_map,Q0356,邱小军,南京大学 物理学院,南京市,,210023,1,,人工对照表指定（原值「空」）
已指定-zip_map,Q0371,梅宇健,中国船舶集团有限公司第七一五研究所 /,杭州市,,310023,1,,人工对照表指定（原值「空」）
已指定-zip_map,Q0442,姜亚浩,上海船舶电子设备研究所 第十研究室,上海市,,200031,1,,人工对照表指定（原值「空」）
已指定-zip_map,R0036,华逸能,杭州应用声学研究所 第五事业部,杭州市,,310023,1,,人工对照表指定（原值「空」）
已指定-zip_map,R0044,张笑天,中山大学 海洋工程与技术学院,珠海市,,519082,1,,人工对照表指定（原值「空」）
已指定-zip_map,R0044,赵波,中山大学 海洋工程与技术学院,珠海市,,519082,1,,人工对照表指定（原值「空」）
已指定-zip_map,R0066,孟肯,中国船舶集团有限公司第七一五研究所 五部,杭州市,,310023,1,,人工对照表指定（原值「空」）
已指定-zip_map,R0066,胡建强,中国船舶集团有限公司第七一五研究所 五部,杭州市,,310023,1,,人工对照表指定（原值「空」）
已指定-zip_map,R0066,刘显锋,中国船舶集团有限公司第七一五研究所 五部,杭州市,,310023,1,,人工对照表指定（原值「空」）
已指定-zip_map,R0066,范进良,中国船舶集团有限公司第七一五研究所 五部,杭州市,,310023,1,,人工对照表指定（原值「空」）
已指定-zip_map,R0066,张峰海,中国船舶集团有限公司第七一五研究所 五部,杭州市,,310023,1,,人工对照表指定（原值「空」）
已指定-zip_map,R0066,陈玲,中国船舶集团有限公司第七一五研究所 五部,杭州市,,310023,1,,人工对照表指定（原值「空」）
已补齐-A级,R0214,马振,杭州应用声学研究所 第五研究部,杭州市,,310023,1,1,唯一映射
已补齐-A级,R0214,范进良,杭州应用声学研究所 第五研究部,杭州市,,310023,1,1,唯一映射
已指定-zip_map,R0243,李明远,华东理工大学 机械与动力工程学院,上海市,,200237,1,,人工对照表指定（原值「空」）
已指定-zip_map,R0243,胡正,华东理工大学 机械与动力工程学院,上海市,,200237,1,,人工对照表指定（原值「空」）
已指定-zip_map,R0243,项延训,华东理工大学 机械与动力工程学院,上海市,,200237,1,,人工对照表指定（原值「空」）
已指定-zip_map,S0196,薛志召,杭州应用声学研究所 水声数据与仿真中心,杭州市,310000,310023,1,,人工对照表指定（原值「310000」）
已指定-zip_map,S0196,刘玥帆,杭州应用声学研究所 水声数据与仿真中心,杭州市,310000,310023,1,,人工对照表指定（原值「310000」）
已指定-zip_map,S0196,张虎,杭州应用声学研究所 水声数据与仿真中心,杭州市,310000,310023,1,,人工对照表指定（原值「310000」）
已补齐-A级,U0151,赵天通,哈尔滨工程大学 动力与能源工程学院,哈尔滨市,,150001,1,14,唯一映射
已补齐-A级,U0151,叶天贵,哈尔滨工程大学 动力与能源工程学院,哈尔滨市,,150001,1,14,唯一映射
已补齐-A级,U0151,陈玉坤,哈尔滨工程大学 动力与能源工程学院,哈尔滨市,,150001,1,14,唯一映射
已补齐-A级,U0151,谢祥,哈尔滨工程大学 动力与能源工程学院,哈尔滨市,,150001,1,14,唯一映射
已补齐-A级,U0151,靳国永,哈尔滨工程大学 动力与能源工程学院,哈尔滨市,,150001,1,14,唯一映射
已补齐-A级,U0151,孙谦,哈尔滨工程大学 动力与能源工程学院,哈尔滨市,,150001,1,14,唯一映射
已指定-zip_map,U0183,习强,河海大学 力学与工程科学学院,南京市,,210098,1,,人工对照表指定（原值「空」）
已补齐-A级,U0252,谢祥,哈尔滨工程大学 动力与能源工程学院,哈尔滨市,,150001,1,14,唯一映射
已补齐-A级,U0252,靳国永,哈尔滨工程大学 动力与能源工程学院,哈尔滨市,,150001,1,14,唯一映射
已指定-zip_map,U0318,全浩,东北大学 医学与生物信息工程学院,沈阳市,,110169,1,,人工对照表指定（原值「空」）
已指定-zip_map,U0318,孟龙,东北大学 医学与生物信息工程学院,沈阳市,,110169,1,,人工对照表指定（原值「空」）
已补齐-A级,U0318,李昕珈,中国科学院深圳先进技术研究院 医学成像科学与技术系统全国重点实验室,深圳市,,518055,1,4,唯一映射
已补齐-A级,U0318,孟龙,中国科学院深圳先进技术研究院 医学成像科学与技术系统全国重点实验室,深圳市,,518055,1,4,唯一映射
已补齐-A级,U0318,刘秀芳,中国科学院深圳先进技术研究院 医学成像科学与技术系统全国重点实验室,深圳市,,518055,1,4,唯一映射
已指定-zip_map,U0335,Irfan Ali,大连理工大学 船舶工程学院,大连市,,116024,1,,人工对照表指定（原值「空」）
已指定-zip_map,U0335,肖永锟,大连理工大学 建设工程学院,大连市,,116024,1,,人工对照表指定（原值「空」）
已指定-zip_map,U0335,鲁建华,大连理工大学 船舶工程学院,大连市,,116024,1,,人工对照表指定（原值「空」）
已指定-zip_map,U0468,刘烨崴,广西科技大学 机械与汽车工程学院,柳州市,,545006,1,,人工对照表指定（原值「空」）
已指定-zip_map,U0468,向宇,广西科技大学 机械与汽车工程学院,柳州市,,545006,1,,人工对照表指定（原值「空」）
已指定-zip_map,U0468,李鑫,广西科技大学 机械与汽车工程学院,柳州市,,545006,1,,人工对照表指定（原值「空」）
已指定-zip_map,U0468,琚航,广西科技大学 机械与汽车工程学院,柳州市,,545006,1,,人工对照表指定（原值「空」）
已指定-zip_map,V0093,华志远,水声通信与海洋信息技术教育部重点实验室 厦门大学海洋与地球学院,厦门市,,361102,1,,人工对照表指定（原值「空」）
已指定-zip_map,V0093,黄子豪,水声通信与海洋信息技术教育部重点实验室 厦门大学海洋与地球学院,厦门市,,361102,1,,人工对照表指定（原值「空」）
已指定-zip_map,V0093,彭旭名,水声通信与海洋信息技术教育部重点实验室 厦门大学海洋与地球学院,厦门市,,361102,1,,人工对照表指定（原值「空」）
已指定-zip_map,V0093,夏源,水声通信与海洋信息技术教育部重点实验室 厦门大学海洋与地球学院,厦门市,,361102,1,,人工对照表指定（原值「空」）
已指定-zip_map,V0093,张宇,水声通信与海洋信息技术教育部重点实验室 厦门大学海洋与地球学院,厦门市,,361102,1,,人工对照表指定（原值「空」）
已指定-zip_map,V0093,宋忠长,水声通信与海洋信息技术教育部重点实验室 厦门大学海洋与地球学院,厦门市,,361102,1,,人工对照表指定（原值「空」）
已指定-zip_map,V0094,李玉鹏,厦门大学 海洋与地球学院,厦门市,361005,361102,1,,人工对照表指定（原值「361005」）
已指定-zip_map,V0094,彭旭名,厦门大学 海洋与地球学院,厦门市,361005,361102,1,,人工对照表指定（原值「361005」）
已指定-zip_map,V0094,傅伟杰,厦门大学 海洋与地球学院,厦门市,361005,361102,1,,人工对照表指定（原值「361005」）
已指定-zip_map,V0094,张飞,厦门大学 海洋与地球学院,厦门市,361005,361102,1,,人工对照表指定（原值「361005」）
已指定-zip_map,V0094,项文杰,厦门大学 海洋与地球学院,厦门市,361005,361102,1,,人工对照表指定（原值「361005」）
已指定-zip_map,V0094,欧文湛,厦门大学 海洋与地球学院,厦门市,361005,361102,1,,人工对照表指定（原值「361005」）
已指定-zip_map,V0094,张宇,厦门大学 海洋与地球学院,厦门市,361005,361102,1,,人工对照表指定（原值「361005」）
已指定-zip_map,V0094,宋忠长,厦门大学 海洋与地球学院,厦门市,361005,361102,1,,人工对照表指定（原值「361005」）
已指定-zip_map,V0146,彭学舟,厦门大学 海洋与地球学院,厦门市,361005,361102,1,,人工对照表指定（原值「361005」）
已指定-zip_map,V0146,惠健刚,厦门大学 海洋与地球学院,厦门市,361005,361102,1,,人工对照表指定（原值「361005」）
已指定-zip_map,V0146,欧文湛,厦门大学 海洋与地球学院,厦门市,361005,361102,1,,人工对照表指定（原值「361005」）
已指定-zip_map,V0146,李宁,厦门大学 海洋与地球学院,厦门市,361005,361102,1,,人工对照表指定（原值「361005」）
已指定-zip_map,V0146,宋忠长,厦门大学 海洋与地球学院,厦门市,361005,361102,1,,人工对照表指定（原值「361005」）
已指定-zip_map,V0182,张嘉怡,西北工业大学 航海学院,西安市,710129,710072,1,,人工对照表指定（原值「710129」）
已指定-zip_map,V0182,闫靓,西北工业大学 航海学院,西安市,710129,710072,1,,人工对照表指定（原值「710129」）
已指定-zip_map,V0188,张欣杨,湘湖实验室 生物互作研究院,杭州市,,311231,1,,人工对照表指定（原值「空」）
已指定-zip_map,V0188,熊时姣,湘湖实验室 生物互作研究院,杭州市,,311231,1,,人工对照表指定（原值「空」）
已指定-zip_map,V0204,欧文湛,厦门大学 海洋与地球学院,厦门市,361005,361102,1,,人工对照表指定（原值「361005」）
已指定-zip_map,V0204,宋忠长,厦门大学 海洋与地球学院,厦门市,361005,361102,1,,人工对照表指定（原值「361005」）
已指定-zip_map,V0204,叶馨,厦门大学 海洋与地球学院,厦门市,361005,361102,1,,人工对照表指定（原值「361005」）
已指定-zip_map,V0235,张汇宇,杭州爱华智能科技有限公司 开发部,杭州市,,310013,1,,人工对照表指定（原值「空」）
已指定-zip_map,V0246,宋忠长,厦门大学 海洋与地球学院,厦门市,361100,361102,1,,人工对照表指定（原值「361100」）
已指定-zip_map,V0246,傅伟杰,厦门大学 海洋与地球学院,厦门市,361100,361102,1,,人工对照表指定（原值「361100」）
已指定-zip_map,V0279,宋忠长,厦门大学 海洋与地球学院,厦门市,361005,361102,1,,人工对照表指定（原值「361005」）
已指定-zip_map,V0282,彭旭名,厦门大学 海洋与地球学院,厦门市,361005,361102,1,,人工对照表指定（原值「361005」）
已指定-zip_map,V0282,欧文湛,厦门大学 海洋与地球学院,厦门市,361005,361102,1,,人工对照表指定（原值「361005」）
已指定-zip_map,V0282,张博宇,厦门大学 海洋与地球学院,厦门市,361005,361102,1,,人工对照表指定（原值「361005」）
已指定-zip_map,V0282,宋忠长,厦门大学 海洋与地球学院,厦门市,361005,361102,1,,人工对照表指定（原值「361005」）
已指定-zip_map,V0290,彭旭名,厦门大学 海洋与地球学院,厦门市,361005,361102,1,,人工对照表指定（原值「361005」）
已指定-zip_map,V0290,宋忠长,厦门大学 海洋与地球学院,厦门市,361005,361102,1,,人工对照表指定（原值「361005」）
缺邮编-C级,V0307,Lindsay Porte,Southeast Asia Marine Mammal Research Southeast Asia Marine Mammal Research,香港,000000,,0,0,全表无同「单位名+地区」的有效邮编记录（原地区：香港岛）
缺邮编-C级,V0307,Naomi Brannan,Southeast Asia Marine Mammal Research Southeast Asia Marine Mammal Research,香港,000000,,0,0,全表无同「单位名+地区」的有效邮编记录（原地区：香港岛）
已指定-zip_map,V0343,张天琼,西北工业大学 自动化学院,西安市,710129,710072,1,,人工对照表指定（原值「710129」）
已指定-zip_map,V0343,伍南西,西北工业大学 自动化学院,西安市,710129,710072,1,,人工对照表指定（原值「710129」）
已指定-zip_map,V0343,李忠杰,西北工业大学 自动化学院,西安市,710129,710072,1,,人工对照表指定（原值「710129」）
已指定-zip_map,V0343,李佳蔚,西北工业大学 自动化学院,西安市,710129,710072,1,,人工对照表指定（原值「710129」）
已指定-zip_map,V0343,甘霖,西北工业大学 自动化学院,西安市,710129,710072,1,,人工对照表指定（原值「710129」）
已指定-zip_map,V0368,张闯,中国科学院水生生物研究所 水生生物多样性与水生态环境保护研究中心,武汉市,,430072,1,,人工对照表指定（原值「空」）
已指定-zip_map,V0368,陈宇维,中国科学院水生生物研究所 水生生物多样性与水生态环境保护研究中心,武汉市,,430072,1,,人工对照表指定（原值「空」）
已指定-zip_map,V0368,欧文湛,厦门大学海洋与地球学院 水声通信与海洋信息技术教育部重点实验室,厦门市,,361102,1,,人工对照表指定（原值「空」）
已指定-zip_map,V0368,余力涵,中国科学院水生生物研究所 水生生物多样性与水生态环境保护研究中心,武汉市,,430072,1,,人工对照表指定（原值「空」）
已指定-zip_map,V0368,宋忠长,厦门大学海洋与地球学院 水声通信与海洋信息技术教育部重点实验室,厦门市,,361102,1,,人工对照表指定（原值「空」）
已指定-zip_map,V0368,郝玉江,中国科学院水生生物研究所 水生生物多样性与水生态环境保护研究中心,武汉市,,430072,1,,人工对照表指定（原值「空」）
已指定-zip_map,V0368,郑劲松,中国科学院水生生物研究所 水生生物多样性与水生态环境保护研究中心,武汉市,,430072,1,,人工对照表指定（原值「空」）
已指定-zip_map,V0368,王克雄,中国科学院水生生物研究所 水生生物多样性与水生态环境保护研究中心,武汉市,,430072,1,,人工对照表指定（原值「空」）
已指定-zip_map,V0387,龚蒙蒙,新疆农业大学 生命科学学院,乌鲁木齐市,,830052,1,,人工对照表指定（原值「空」）
已指定-zip_map,V0387,周鹿,新疆农业大学 生命科学学院,乌鲁木齐市,,830052,1,,人工对照表指定（原值「空」）
已指定-zip_map,V0410,傅伟杰,厦门大学 海洋与地球学院,厦门市,361005,361102,1,,人工对照表指定（原值「361005」）
已指定-zip_map,V0410,宋忠长,厦门大学 海洋与地球学院,厦门市,361005,361102,1,,人工对照表指定（原值「361005」）
已指定-zip_map,V0410,彭旭名,厦门大学 海洋与地球学院,厦门市,361005,361102,1,,人工对照表指定（原值「361005」）
已指定-zip_map,V0410,张飞,厦门大学 海洋与地球学院,厦门市,361005,361102,1,,人工对照表指定（原值「361005」）
已指定-zip_map,V0410,欧文湛,厦门大学 海洋与地球学院,厦门市,361005,361102,1,,人工对照表指定（原值「361005」）
已补齐-A级,V0467,禹娅南,陕西师范大学 体育学院,西安市,,710119,1,2,唯一映射
已补齐-A级,V0467,唐量,陕西师范大学 体育学院,西安市,,710119,1,2,唯一映射
已指定-zip_map,W0026,王帅,中国船舶集团有限公司第七一一研究所 减振降噪部,上海市,,201108,1,,人工对照表指定（原值「空」）
已指定-zip_map,W0026,王帅,先进船船发动机技术全国重点实验室 减振降噪部,上海市,,201108,1,,人工对照表指定（原值「空」）
已指定-zip_map,W0026,刘璞,中国船舶集团有限公司第七一一研究所 减振降噪部,上海市,,201108,1,,人工对照表指定（原值「空」）
已指定-zip_map,W0026,朱金晏,中国船舶集团有限公司第七一一研究所 减振降噪部,上海市,,201108,1,,人工对照表指定（原值「空」）
已指定-zip_map,W0026,马德树,中国船舶集团有限公司第七一一研究所 减振降噪部,上海市,,201108,1,,人工对照表指定（原值「空」）
已指定-zip_map,W0026,夏梦,中国船舶集团有限公司第七一一研究所 减振降噪部,上海市,,201108,1,,人工对照表指定（原值「空」）
已指定-zip_map,W0026,童宗鹏,中国船舶集团有限公司第七一一研究所 减振降噪部,上海市,,201108,1,,人工对照表指定（原值「空」）
已指定-zip_map,W0413,魏仙凤,合肥工业大学 机械工程学院,合肥市,,230009,1,,人工对照表指定（原值「空」）
已指定-zip_map,W0413,王震,合肥工业大学 材料工程学院,合肥市,,230009,1,,人工对照表指定（原值「空」）
已指定-zip_map,W0413,韩帅,合肥工业大学 机械工程学院,合肥市,,230009,1,,人工对照表指定（原值「空」）
已指定-zip_map,W0413,常龙飞,合肥工业大学 机械工程学院,合肥市,,230009,1,,人工对照表指定（原值「空」）
