单位名,地区,邮编,级别,候选,出现论文
澳门大学 健康科学学院 / 认知与脑科学中心,澳门,,C,,G0369 G0369
重庆师范大学 物理与光电工程学院,重庆市,401331,C,,A0394 A0394 A0394
大连理工大学 船舶工程学院,大连市,116024,C,,U0335 U0335
大连理工大学 建设工程学院,大连市,116024,C,,U0335
东北大学 医学与生物信息工程学院,沈阳市,110169,C,,H0322 U0318 U0318
东南大学 东南大学机械工程学院,南京市,211189,C,,B0169 B0169 B0169 B0169
福建理工大学 建筑与城乡规划学院,福州市,350118,C,,I0330
复旦大学 复旦大学上海医学院华山医院神经外科,上海市,200040,C,,G0369
复旦大学 生物医学工程系 智慧医疗超声实验室,上海市,200433,C,,G0354 G0354 G0354
广东省智能科学与技术研究院 多尺度神经成像与操控研究组,珠海市,519031,C,,G0369 G0369 G0369
广东外语外贸大学 中国语言文化学院,广州市,510420,C,,P0187
广西大学 土木建筑工程学院,南宁市,530004,B,530004 / 530000,I0165 I0165
广西科技大学 机械与汽车工程学院,柳州市,545006,C,,U0468 U0468 U0468 U0468
广州南方学院 工学院,广州市,510970,C,,O0415
国防科技大学 气象海洋学院,长沙市,410073,B,410000 / 410073,B0024 B0024 B0024 B0024 B0024
哈尔滨工程大学 极地海洋声学与技术应用教育部重点实验室,哈尔滨市,150001,C,,C0373 C0373 C0373
哈尔滨工程大学 水声工程学院,哈尔滨市,150001,B,150001 / 150000,C0055 C0055 C0055 C0055 C0055 C0084 C0084 C0308 C0308 C0308 C0308 C0373 C0373 C0373 J0081 J0081 J0081 J0081 J0081
哈尔滨理工大学 自动化学院,哈尔滨市,150080,C,,C0348
海军工程大学 无,武汉市,430033,C,,C0079 C0079 C0079 C0079
汉江国家实验室 实验室,武汉市,430075,C,,C0097
汉江国家实验室 探通部,武汉市,430075,C,,C0221
汉江国家实验室 无,武汉市,430075,C,,C0148
汉江国家实验室 珠海研究中心,珠海市,519000,C,,C0218 C0251 C0251
汉江实验室 汉江实验室珠海研究中心,珠海市,519000,C,,B0209
杭州爱华智能科技有限公司 开发部,杭州市,310013,C,,I0236 M0230 Q0181 Q0233 V0235
杭州应用声学研究所 第四研究部,杭州市,310023,C,,C0348 C0348
杭州应用声学研究所 第五事业部,杭州市,310023,C,,R0036
杭州应用声学研究所 杭州瑞利海洋装备有限公司,杭州市,310023,C,,C0398 C0398 C0398 C0398
杭州应用声学研究所 声纳技术实验室,杭州市,310023,C,,C0207 C0207 C0207
杭州应用声学研究所 声纳技术重点实验室,杭州市,310023,B,310023 / 310000,B0275 C0184 C0317 C0317 C0317 C0317 C0326 C0326 C0326
杭州应用声学研究所 数据与仿真中心,杭州市,310023,C,,C0133 C0133 C0133
杭州应用声学研究所 水声数据与仿真中心,杭州市,310023,B,310026 / 310023 / 310013 / 310000,B0231 B0231 B0231 B0231 C0263 C0263 C0263 C0266 C0266 C0266 C0269 C0269 C0269
杭州应用声学研究所 重点实验室,杭州市,310023,C,,C0353 C0353
合肥工业大学 材料工程学院,合肥市,230009,C,,W0413
合肥工业大学 机械工程学院,合肥市,230009,C,,W0413 W0413 W0413
河海大学 力学与工程科学学院,南京市,210098,C,,U0183
湖南农业大学 风景园林与艺术设计学院,长沙市,410128,C,,M0362 M0362 M0362
华北电力大学 能源动力与机械学院,北京市,102206,C,,A0463 A0463 A0463 A0463
华北电力大学（北京） 能动学院,北京市,102206,C,,A0464 A0464 A0464 A0464
华北电力大学（北京） 能源动力与机械工程学院,北京市,102206,C,,A0465 A0465 A0465 A0465
华北电力大学（北京） 数理学院,北京市,102206,C,,A0465
华东理工大学 机械与动力工程学院,上海市,200237,C,,R0243 R0243 R0243
华中科技大学 集成电路学院,武汉市,430074,C,,H0139
江苏省中医院 超声医学科,南京市,210029,C,,G0286
交通运输部公路科学研究所 环境中心,北京市,100088,C,,J0292 J0292
南方科技大学 深港微电子学院,深圳市,518055,C,,D0376
南京大学 物理学院,南京市,210023,B,210093 / 210008,A0073 G0286 G0286 G0286 P0276 P0276 Q0356 Q0356 Q0356 Q0356
南京大学 先进制造学院,苏州市,215163,B,215163 / 215000 / 215263,G0071 G0071
南京大学物理学院，南京大学声学研究所 物理学院,南京市,210023,C,,G0060 G0060 G0060 G0060 G0060
南京大学物理学院声科学与工程系 南京大学物理学院声科学与工程系,南京市,210023,C,,G0075 G0075 G0075
南京师范大学 计算机与电子信息/人工智能学院,南京市,210023,C,,A0073 A0073 A0073
南京信息工程大学 电子与信息工程学院,南京市,210044,C,,G0302
厦门大学 海洋与地球学院,厦门市,361102,B,361102 / 361005 / 361100,C0162 C0162 C0162 C0162 C0162 C0166 C0166 C0166
厦门大学海洋与地球学院 水声通信与海洋信息技术教育部重点实验室,厦门市,361102,C,,V0368 V0368
陕西省水下信息技术重点实验室 实验室,西安市,710072,C,,C0097
陕西师范大学 物理学与信息技术学院,西安市,710119,B,710062 / 710119,D0384 D0384 D0384 D0384 D0385 D0385 D0386 D0386 D0386 D0386 D0386 G0309 G0309
陕西师范大学 物理与信息技术学院,西安市,710119,B,710062 / 710119,Q0250
上海波达医疗科技有限责任公司 研发,上海市,201203,C,,G0354
上海船舶电子设备研究所 第十研究室,上海市,200031,C,,C0430 Q0442
上海大学 通信与信息工程学院,上海市,200444,C,,E0147
上海工程技术大学 城市轨道交通学院,上海市,201620,C,,E0147 E0147 E0147 E0147 E0147
上海市第十人民医院 超声医学科,上海市,200072,C,,G0404 G0404
深圳大学 电子与信息工程学院,深圳市,518060,C,,P0187
声学与海洋信息国家重点实验室 中国科学院声学研究所,北京市,100190,C,,C0106 C0106 C0106 C0106
水声通信与海洋信息技术教育部重点实验室 厦门大学海洋与地球学院,厦门市,361102,C,,V0093 V0093 V0093 V0093 V0093 V0093
苏州工学院 电子信息工程学院,苏州市,215500,C,,D0018
太原理工大学 计算机科学与技术（大数据）学院,晋中市,30600,C,,L0320 L0320
同济大学 声学研究所,上海市,200092,B,200002 / 200092,A0223
无锡商业职业技术学院物联网与人工智能学院 物联网与人工智能学院,无锡市,214153,C,,G0060
无锡市海鹰加科海洋技术有限责任公司 中国船舶集团海鹰企业集团有限责任公司,无锡市,214061,C,,C0149
西安交通大学 化学工程与技术学院,西安市,710049,C,,B0125
西安科技大学 机械工程学院,西安市,710054,C,,E0241
西安理工大学 材料科学与工程,西安市,710048,C,,J0015
西安外国语大学 经济金融学院,西安市,710128,C,,L0336
西北工业大学 航海学院,西安市,710072,B,710072 / 710000 / 710129 / 710100,B0379 C0097 C0097 C0119 C0119 C0142 C0142 C0471 P0452 P0452
西北工业大学 自动化,西安市,710072,C,,P0278 P0278 P0278 P0278 P0278 P0278
西北工业大学 自动化学院,西安市,710072,B,710129 / 710100,P0274 P0274 P0274 P0274
悉尼科技大学 澳大利亚悉尼科技大学声与振动中心,,,C,,K0113
先进船船发动机技术全国重点实验室 减振降噪部,上海市,201108,C,,W0026
香港理工大学 生物医学工程学系,香港,999077,C,,G0369 G0369 G0369
湘湖实验室 生物互作研究院,杭州市,311231,C,,V0188 V0188
新疆农业大学 生命科学学院,乌鲁木齐市,830052,C,,V0387 V0387
信息工程大学 地理空间信息学院,郑州市,450001,C,,C0471 C0471
延安大学 建筑工程学院,延安市,716000,C,,I0189
医学科学与工程学院 北京理工大学,北京市,100081,C,,G0156 G0156 G0156 G0156 G0156
易客创新（泉州）智能科技有限公司 超声事业部,泉州市,362000,C,,D0043
英国伦敦大学学院 环境设计与工程研究所巴特莱特建筑学部,,,C,,I0189
中国船舶集团第七一五研究所 四部,杭州市,310023,C,,C0208
中国船舶集团有限公司第726研究所 水声对抗技术重点实验室,上海市,200031,C,,C0061
中国船舶集团有限公司第七一五研究所 /,杭州市,310023,C,,Q0371
中国船舶集团有限公司第七一五研究所 声纳技术重点实验室,杭州市,310023,C,,C0221 C0221 K0305 K0305 K0305 K0370 K0370
中国船舶集团有限公司第七一五研究所 水声数据与仿真中心,杭州市,310023,C,,B0379 B0379
中国船舶集团有限公司第七一五研究所 五部,杭州市,310023,C,,R0066 R0066 R0066 R0066 R0066 R0066
中国船舶集团有限公司第七一五研究所 重点实验室,杭州市,310023,B,310000 / 310023,C0148 C0148 C0148
中国船舶集团有限公司第七一一研究所 减振降噪部,上海市,201108,C,,W0026 W0026 W0026 W0026 W0026 W0026
中国科学院大学 声学研究所,北京市,100190,C,,C0284
中国科学院声学研究所 固定式系统中心,北京市,100190,C,,B0366
中国科学院水生生物研究所 水生生物多样性与水生态环境保护研究中心,武汉市,430072,C,,V0368 V0368 V0368 V0368 V0368 V0368
中山大学 海洋工程与技术学院,珠海市,519082,B,519000 / 519082 / 519080,B0129 B0129 B0129 B0209 B0209 C0159 C0159 C0251 C0251 C0251 C0291 C0291 C0291 C0339 C0339 C0339 C0339 R0044 R0044
中山大学 南方海洋科学与工程广东省实验室（珠海）,珠海市,519082,C,,B0209
珠海医凯电子科技有限公司 研发部,珠海市,519000,C,,G0286
珠海医凯电子科技有限公司 珠海医凯电子科技有限公司,珠海市,519000,C,,G0060
Southeast Asia Marine Mammal Research Southeast Asia Marine Mammal Research,香港,,C,,V0307 V0307
The Pennsylvania State University Graduate Program in Acoustics,,,C,,K0178
Univerisiti Malaya 建筑环境学院,,,C,,M0362
